Sample.ID,Date.Collected,Region,Population,MaterNAl_Family,Individual,GCLab,GCLad,SDab,SDad,SAIab,SAIad,BLOCK.POS,Family.Unique,Family.NonUnique,Block.ID
AB-LL.22.7,7/18/2016,Prairie,AB-LL,22,7,24,18.933333,143.2291667,169.2708333,2.578125001,3.204861054,7-M4,AB-LL_22,22,7
MB-MR.13.7,7/28/2016,M Alvar,MB-MR,13,7,24.333333,19.666667,169.2708333,208.3333333,3.089192665,4.097222291,7-F13,MB-MR_13,13,7
NAP-SCH.11.6,7/29/2016,GL Alvar,NAP-SCH,11,6,27,20.666667,234.375,234.375,4.74609375,4.843750078,6-N10,NAP-SCH_11,11,6
CAR-PSR.6.5,7/1/2016,GL Alvar,CAR-PSR,6,5,24,21,351.5625,247.3958333,6.328125,5.195312499,5-E3,CAR-PSR_6,6,5
MB-CRN.27.4,7/28/2016,M Alvar,MB-CRN,27,4,27.333333,21,195.3125,247.3958333,4.003906201,5.195312499,4-C15,MB-CRN_27,27,4
CAR-NBA.1.4,7/18/2016,GL Alvar,CAR-NBA,1,4,NA,21.333333,NA,208.3333333,NA,4.444444374,4-B10,CAR-NBA_1,1,4
MI-DRI.25.5,7/29/2016,GL Alvar,MI-DRI,25,5,22.666667,21.666667,312.5,182.2916667,5.312500078,3.949652839,5-J16,MI-DRI_25,25,5
MB-MR.19.6,7/28/2016,M Alvar,MB-MR,19,6,26.666667,21.666667,156.25,247.3958333,3.125000039,5.360243137,6-M3,MB-MR_19,19,6
CAR-NBA.7.5,7/21/2016,GL Alvar,CAR-NBA,7,5,25.333333,22,455.7291667,351.5625,8.658854053,7.734375,5-D13,CAR-NBA_7,7,5
CAR-PSR.31.11,7/3/2016,GL Alvar,CAR-PSR,31,11,26,22,299.4791667,208.3333333,5.839843751,4.583333333,11-M3,CAR-PSR_31,31,11
AB-LL.12.2,7/16/2016,Prairie,AB-LL,12,2,28.666667,22,156.25,182.2916667,3.359375039,4.010416667,2-N7,AB-LL_12,12,2
MAN-KIP.28.1,7/27/2016,GL Alvar,MAN-KIP,28,1,25.666667,22.333333,221.3541667,182.2916667,4.261067764,4.071180496,1-H5,MAN-KIP_28,28,1
MAN-KIP.16.5,7/27/2016,GL Alvar,MAN-KIP,16,5,23,22.666667,364.5833333,143.2291667,6.289062499,3.246527826,5-M5,MAN-KIP_16,16,5
MB-MR.21.4,7/6/2016,M Alvar,MB-MR,21,4,23.333333,22.666667,520.8333333,260.4166667,9.114583203,5.902777865,4-I12,MB-MR_21,21,4
CAR-NBA.10.2,7/19/2016,GL Alvar,CAR-NBA,10,2,27,22.666667,286.4583333,260.4166667,5.800781249,5.902777865,2-M14,CAR-NBA_10,10,2
MB-CRN.10.8,7/28/2016,M Alvar,MB-CRN,10,8,29,22.666667,221.3541667,169.2708333,4.814453126,3.836805611,8-C16,MB-CRN_10,10,8
CAR-PSR.31.4,7/3/2016,GL Alvar,CAR-PSR,31,4,NA,22.666667,NA,195.3125,NA,4.427083398,4-G10,CAR-PSR_31,31,4
CAR-PSR.10.12,7/22/2016,GL Alvar,CAR-PSR,10,12,23.666667,23,338.5416667,195.3125,6.009114669,4.4921875,12-B14,CAR-PSR_10,10,12
MB-MR.21.6,7/6/2016,M Alvar,MB-MR,21,6,25,23,286.4583333,208.3333333,5.371093749,4.791666666,6-B14,MB-MR_21,21,6
CAR-NBA.1.9,7/18/2016,GL Alvar,CAR-NBA,1,9,25.333333,23,325.5208333,221.3541667,6.184895751,5.091145834,9-D3,CAR-NBA_1,1,9
NAP-CE.24.9,7/29/2016,GL Alvar,NAP-CE,24,9,26.333333,23,351.5625,221.3541667,6.943359287,5.091145834,9-B10,NAP-CE_24,24,9
CAR-NBA.1.3,7/18/2016,GL Alvar,CAR-NBA,1,3,24.333333,23.333333,221.3541667,221.3541667,4.039713487,5.164930483,3-E14,CAR-NBA_1,1,3
MB-CRN.21.8,7/28/2016,M Alvar,MB-CRN,21,8,25,23.333333,234.375,143.2291667,4.39453125,3.342013842,8-F5,MB-CRN_21,21,8
CAR-PSR.6.10,7/1/2016,GL Alvar,CAR-PSR,6,10,25.333333,23.333333,351.5625,143.2291667,6.679687412,3.342013842,10-L5,CAR-PSR_6,6,10
CAR-PSR.31.12,7/3/2016,GL Alvar,CAR-PSR,31,12,NA,23.333333,NA,182.2916667,NA,4.253472162,12-G14,CAR-PSR_31,31,12
MAN-KIP.28.9,7/27/2016,GL Alvar,MAN-KIP,28,9,NA,23.333333,NA,156.25,NA,3.645833281,9-D11,MAN-KIP_28,28,9
CAR-NBA.12.8,7/20/2016,GL Alvar,CAR-NBA,12,8,19.666667,23.666667,325.5208333,169.2708333,4.801432373,4.006076445,8-H12,CAR-NBA_12,12,8
CAR-PSR.10.9,7/22/2016,GL Alvar,CAR-PSR,10,9,25,23.666667,325.5208333,208.3333333,6.103515624,4.930555624,9-A16,CAR-PSR_10,10,9
MAN-KIP.15.2,7/27/2016,GL Alvar,MAN-KIP,15,2,25.666667,23.666667,403.6458333,208.3333333,7.770182392,4.930555624,2-N14,MAN-KIP_15,15,2
WNY-CB.2.10,7/5/2016,GL Alvar,WNY-CB,2,10,26.333333,23.666667,364.5833333,273.4375,7.200520742,6.471354258,10-A13,WNY-CB_2,2,10
MAN-LCI.15.9,7/26/2016,GL Alvar,MAN-LCI,15,9,27.666667,23.666667,273.4375,195.3125,5.673828193,4.622395898,9-B11,MAN-LCI_15,15,9
NAP-SCH.11.4,7/29/2016,GL Alvar,NAP-SCH,11,4,28.333333,23.666667,299.4791667,234.375,6.363932218,5.546875078,4-G4,NAP-SCH_11,11,4
MB-CRN.10.3,7/28/2016,M Alvar,MB-CRN,10,3,29,23.666667,260.4166667,169.2708333,5.664062501,4.006076445,3-L12,MB-CRN_10,10,3
CAR-PSR.31.2,7/3/2016,GL Alvar,CAR-PSR,31,2,NA,23.666667,NA,234.375,NA,5.546875078,2-G7,CAR-PSR_31,31,2
MB-MR.13.1,7/28/2016,M Alvar,MB-MR,13,1,NA,23.666667,195.3125,221.3541667,NA,5.238715352,1-J8,MB-MR_13,13,1
CAR-PSR.31.8,7/3/2016,GL Alvar,CAR-PSR,31,8,22,24,416.6666667,130.2083333,6.875000001,3.124999999,8-H14,CAR-PSR_31,31,8
CAR-PSR.31.9,7/3/2016,GL Alvar,CAR-PSR,31,9,22,24,312.5,156.25,5.15625,3.75,9-H13,CAR-PSR_31,31,9
CAR-PSR.31.5,7/3/2016,GL Alvar,CAR-PSR,31,5,24,24,377.6041667,221.3541667,6.796875001,5.312500001,5-J10,CAR-PSR_31,31,5
MAN-KIP.11.5,7/27/2016,GL Alvar,MAN-KIP,11,5,24.333333,24,273.4375,130.2083333,4.990234307,3.124999999,5-N14,MAN-KIP_11,11,5
NAP-CE.7.11,6/27/2016,GL Alvar,NAP-CE,7,11,24.333333,24,221.3541667,273.4375,4.039713487,6.5625,11-M5,NAP-CE_7,7,11
MAN-KIP.16.6,7/27/2016,GL Alvar,MAN-KIP,16,6,24.666667,24,260.4166667,195.3125,4.817708399,4.6875,6-C2,MAN-KIP_16,16,6
CAR-NBA.1.2,7/18/2016,GL Alvar,CAR-NBA,1,2,25,24,286.4583333,234.375,5.371093749,5.625,2-B4,CAR-NBA_1,1,2
MAN-LCI.15.10,7/26/2016,GL Alvar,MAN-LCI,15,10,25,24,312.5,195.3125,5.859375,4.6875,10-I7,MAN-LCI_15,15,10
CAR-NBA.7.11,7/21/2016,GL Alvar,CAR-NBA,7,11,25.333333,24,208.3333333,182.2916667,3.958333281,4.375000001,11-C15,CAR-NBA_7,7,11
CAR-PSR.10.2,7/22/2016,GL Alvar,CAR-PSR,10,2,25.333333,24,390.625,156.25,7.421874902,3.75,2-L5,CAR-PSR_10,10,2
CAR-PSR.31.10,7/3/2016,GL Alvar,CAR-PSR,31,10,25.333333,24,390.625,312.5,7.421874902,7.5,10-D4,CAR-PSR_31,31,10
NAP-SCH.11.5,7/29/2016,GL Alvar,NAP-SCH,11,5,25.666667,24,260.4166667,156.25,5.013020899,3.75,5-C5,NAP-SCH_11,11,5
CAR-NBA.10.10,7/19/2016,GL Alvar,CAR-NBA,10,10,26,24,234.375,234.375,4.5703125,5.625,10-F10,CAR-NBA_10,10,10
CAR-NBA.7.3,7/21/2016,GL Alvar,CAR-NBA,7,3,26,24,260.4166667,182.2916667,5.078125001,4.375000001,3-K10,CAR-NBA_7,7,3
SD-MUD.15.2,7/30/2016,Prairie,SD-MUD,15,2,26,24,390.625,221.3541667,7.6171875,5.312500001,2-L4,SD-MUD_15,15,2
CAR-PSR.31.3,7/3/2016,GL Alvar,CAR-PSR,31,3,26.333333,24,377.6041667,182.2916667,7.457682198,4.375000001,3-E8,CAR-PSR_31,31,3
WNY-CB.23.3,7/30/2016,GL Alvar,WNY-CB,23,3,27,24,234.375,195.3125,4.74609375,4.6875,3-H8,WNY-CB_23,23,3
NAP-CE.7.7,6/24/2016,GL Alvar,NAP-CE,7,7,27.333333,24,260.4166667,195.3125,5.338541602,4.6875,7-F11,NAP-CE_7,7,7
WNY-CB.2.6,7/5/2016,GL Alvar,WNY-CB,2,6,27.333333,24,403.6458333,221.3541667,8.274739482,5.312500001,6-G14,WNY-CB_2,2,6
MI-DRI.5.7,6/28/2016,GL Alvar,MI-DRI,5,7,28.333333,24,273.4375,156.25,5.810546807,3.75,7-B6,MI-DRI_5,5,7
WA-BLK.24,7/12/2016,Prairie,WA-BLK,24,NA,28.333333,24,130.2083333,91.14583333,2.76692705,2.1875,12-N4,WA-BLK_NA,NA,12
CAR-NBA.12.2,7/20/2016,GL Alvar,CAR-NBA,12,2,NA,24,260.4166667,143.2291667,NA,3.437500001,2-H4,CAR-NBA_12,12,2
CAR-NBA.1.6,7/18/2016,GL Alvar,CAR-NBA,1,6,23.666667,24.333333,364.5833333,260.4166667,6.471354257,6.33680547,6-B5,CAR-NBA_1,1,6
CAR-NBA.7.4,7/21/2016,GL Alvar,CAR-NBA,7,4,25,24.333333,403.6458333,234.375,7.568359374,5.703124922,4-G7,CAR-NBA_7,7,4
MAN-KIP.37.1,7/27/2016,GL Alvar,MAN-KIP,37,1,25,24.333333,234.375,247.3958333,4.39453125,6.019965195,1-E5,MAN-KIP_37,37,1
NAP-SCH.9.2,7/29/2016,GL Alvar,NAP-SCH,9,2,25,24.333333,286.4583333,208.3333333,5.371093749,5.069444374,2-N15,NAP-SCH_9,9,2
CAR-NBA.4.8,7/21/2016,GL Alvar,CAR-NBA,4,8,25.333333,24.333333,234.375,260.4166667,4.453124941,6.33680547,8-N10,CAR-NBA_4,4,8
CAR-PSR.6.1,7/1/2016,GL Alvar,CAR-PSR,6,1,26,24.333333,468.75,234.375,9.140625,5.703124922,1-K8,CAR-PSR_6,6,1
MAN-KIP.11.2,7/27/2016,GL Alvar,MAN-KIP,11,2,26,24.333333,247.3958333,208.3333333,4.824218749,5.069444374,2-I11,MAN-KIP_11,11,2
CAR-NBA.3.8,7/21/2016,GL Alvar,CAR-NBA,3,8,26.333333,24.333333,221.3541667,156.25,4.371744737,3.802083281,8-B4,CAR-NBA_3,3,8
MAN-KIP.24.3,7/27/2016,GL Alvar,MAN-KIP,24,3,26.333333,24.333333,247.3958333,195.3125,4.886067646,4.752604102,3-E10,MAN-KIP_24,24,3
CAR-NBA.8.7,7/21/2016,GL Alvar,CAR-NBA,8,7,26.666667,24.333333,273.4375,286.4583333,5.468750068,6.970486015,7-N14,CAR-NBA_8,8,7
MB-MR.38.7,7/6/2016,M Alvar,MB-MR,38,7,26.666667,24.333333,195.3125,143.2291667,3.906250049,3.485243009,7-B16,MB-MR_38,38,7
ND-BSP.29.3,6/28/2016,Prairie,ND-BSP,29,3,26.666667,24.333333,221.3541667,260.4166667,4.427083389,6.33680547,3-F15,ND-BSP_29,29,3
CAR-NBA.3.7,7/21/2016,GL Alvar,CAR-NBA,3,7,27,24.333333,221.3541667,208.3333333,4.482421876,5.069444374,7-E11,CAR-NBA_3,3,7
MI-DRI.2.6,7/29/2016,GL Alvar,MI-DRI,2,6,27.333333,24.333333,221.3541667,143.2291667,4.537760362,3.485243009,6-D11,MI-DRI_2,2,6
MAN-FOX.29.10,7/27/2016,GL Alvar,MAN-FOX,29,10,27.666667,24.333333,208.3333333,182.2916667,4.322916718,4.435763829,10-G12,MAN-FOX_29,29,10
MAN-LCI.11.6,7/27/2016,GL Alvar,MAN-LCI,11,6,28,24.333333,260.4166667,169.2708333,5.468750001,4.118923554,6-L16,MAN-LCI_11,11,6
CAR-NBA.8.4,7/21/2016,GL Alvar,CAR-NBA,8,4,28.333333,24.333333,234.375,208.3333333,4.980468691,5.069444374,4-B4,CAR-NBA_8,8,4
MAN-LCI.12.2,7/27/2016,GL Alvar,MAN-LCI,12,2,28.333333,24.333333,221.3541667,143.2291667,4.703775987,3.485243009,2-F8,MAN-LCI_12,12,2
MB-CRN.29.10,7/7/2016,M Alvar,MB-CRN,29,10,28.333333,24.333333,208.3333333,208.3333333,4.427083281,5.069444374,10-L3,MB-CRN_29,29,10
CAR-PSR.6.8,7/1/2016,GL Alvar,CAR-PSR,6,8,28.666667,24.333333,169.2708333,208.3333333,3.639322958,5.069444374,8-C6,CAR-PSR_6,6,8
MAN-LCI.15.7,7/26/2016,GL Alvar,MAN-LCI,15,7,29.666667,24.333333,221.3541667,143.2291667,4.925130264,3.485243009,7-C2,MAN-LCI_15,15,7
WNY-CB.18.1,7/30/2016,GL Alvar,WNY-CB,18,1,29.666667,24.333333,221.3541667,208.3333333,4.925130264,5.069444374,1-F6,WNY-CB_18,18,1
CAR-NBA.12.3,7/20/2016,GL Alvar,CAR-NBA,12,3,NA,24.333333,NA,169.2708333,NA,4.118923554,3-J2,CAR-NBA_12,12,3
MB-CRN.2.11,7/7/2016,M Alvar,MB-CRN,2,11,23.666667,24.666667,390.625,234.375,6.933593848,5.781250078,11-I3,MB-CRN_2,2,11
NAP-CE.24.8,7/29/2016,GL Alvar,NAP-CE,24,8,25.666667,24.666667,286.4583333,221.3541667,5.514322988,5.460069519,8-I12,NAP-CE_24,24,8
NAP-CE.19.10,7/29/2016,GL Alvar,NAP-CE,19,10,26.333333,24.666667,221.3541667,208.3333333,4.371744737,5.138888958,10-L6,NAP-CE_19,19,10
ND-BSP.25.3,7/1/2016,Prairie,ND-BSP,25,3,27,24.666667,260.4166667,182.2916667,5.273437501,4.496527839,3-G14,ND-BSP_25,25,3
MB-MR.25.8,7/29/2016,M Alvar,MB-MR,25,8,27.333333,24.666667,299.4791667,234.375,6.139322842,5.781250078,8-D14,MB-MR_25,25,8
MB-MR.38.5,7/6/2016,M Alvar,MB-MR,38,5,27.333333,24.666667,117.1875,195.3125,2.402343721,4.817708398,5-B16,MB-MR_38,38,5
MAN-LCI.15.4,7/25/2016,GL Alvar,MAN-LCI,15,4,27.666667,24.666667,208.3333333,104.1666667,4.322916718,2.56944448,4-G3,MAN-LCI_15,15,4
MB-CRN.2.2,7/6/2016,M Alvar,MB-CRN,2,2,27.666667,24.666667,221.3541667,195.3125,4.593099014,4.817708398,2-B13,MB-CRN_2,2,2
NAP-CE.7.5,6/24/2016,GL Alvar,NAP-CE,7,5,27.666667,24.666667,351.5625,169.2708333,7.294921963,4.175347278,5-J13,NAP-CE_7,7,5
WNY-CB.10.1,7/5/2016,GL Alvar,WNY-CB,10,1,27.666667,24.666667,338.5416667,247.3958333,7.024739669,6.102430637,1-N11,WNY-CB_10,10,1
CAR-NBA.8.8,7/21/2016,GL Alvar,CAR-NBA,8,8,28.333333,24.666667,195.3125,351.5625,4.150390576,8.671875117,8-L3,CAR-NBA_8,8,8
MAN-KIP.15.3,7/27/2016,GL Alvar,MAN-KIP,15,3,28.666667,24.666667,273.4375,169.2708333,5.878906318,4.175347278,3-B8,MAN-KIP_15,15,3
MAN-MIS.20.3,7/28/2016,GL Alvar,MAN-MIS,20,3,28.666667,24.666667,325.5208333,286.4583333,6.998697997,7.065972317,3-B10,MAN-MIS_20,20,3
MAN-LCI.3.6,7/28/2016,GL Alvar,MAN-LCI,3,6,29.333333,24.666667,182.2916667,195.3125,4.010416622,4.817708398,6-K14,MAN-LCI_3,3,6
SD-MUD.23.9,7/10/2016,Prairie,SD-MUD,23,9,29.333333,24.666667,182.2916667,169.2708333,4.010416622,4.175347278,9-J7,SD-MUD_23,23,9
MAN-FOX.17.7,7/27/2016,GL Alvar,MAN-FOX,17,7,29.666667,24.666667,195.3125,208.3333333,4.345703174,5.138888958,7-I13,MAN-FOX_17,17,7
CAR-PSR.23.6,7/26/2016,GL Alvar,CAR-PSR,23,6,NA,24.666667,NA,117.1875,NA,2.890625039,6-F14,CAR-PSR_23,23,6
MAN-KIP.28.7,7/27/2016,GL Alvar,MAN-KIP,28,7,NA,24.666667,NA,234.375,NA,5.781250078,7-L3,MAN-KIP_28,28,7
MB-MR.21.12,7/6/2016,M Alvar,MB-MR,21,12,NA,24.666667,NA,299.4791667,NA,7.387152878,12-D12,MB-MR_21,21,12
WNY-CB.10.10,7/5/2016,GL Alvar,WNY-CB,10,10,NA,24.666667,NA,208.3333333,NA,5.138888958,10-C6,WNY-CB_10,10,10
CAR-NBA.10.5,7/19/2016,GL Alvar,CAR-NBA,10,5,22.666667,25,390.625,351.5625,6.640625098,8.7890625,5-J2,CAR-NBA_10,10,5
MB-MR.25.7,7/29/2016,M Alvar,MB-MR,25,7,24.333333,25,247.3958333,247.3958333,4.514973896,6.184895833,7-F5,MB-MR_25,25,7
NAP-SCH.20.3,7/29/2016,GL Alvar,NAP-SCH,20,3,25.333333,25,286.4583333,156.25,5.442708261,3.90625,3-N10,NAP-SCH_20,20,3
MAN-KIP.11.3,7/27/2016,GL Alvar,MAN-KIP,11,3,25.666667,25,247.3958333,221.3541667,4.762369853,5.533854168,3-C7,MAN-KIP_11,11,3
MB-MR.13.3,7/28/2016,M Alvar,MB-MR,13,3,25.666667,25,247.3958333,247.3958333,4.762369853,6.184895833,3-B11,MB-MR_13,13,3
NAP-CE.7.10,6/24/2016,GL Alvar,NAP-CE,7,10,26,25,390.625,169.2708333,7.6171875,4.231770833,10-A6,NAP-CE_7,7,10
CAR-NBA.8.9,7/21/2016,GL Alvar,CAR-NBA,8,9,26.333333,25,208.3333333,338.5416667,4.114583281,8.463541668,9-F8,CAR-NBA_8,8,9
MAN-KIP.28.4,7/27/2016,GL Alvar,MAN-KIP,28,4,26.333333,25,247.3958333,234.375,4.886067646,5.859375,4-N5,MAN-KIP_28,28,4
MB-MR.25.5,7/29/2016,M Alvar,MB-MR,25,5,26.333333,25,273.4375,182.2916667,5.400390557,4.557291668,5-H11,MB-MR_25,25,5
MB-CRN.17.5,7/28/2016,M Alvar,MB-CRN,17,5,26.666667,25,208.3333333,247.3958333,4.166666718,6.184895833,5-D8,MB-CRN_17,17,5
NAP-CE.33.5,6/27/2016,GL Alvar,NAP-CE,33,5,27,25,416.6666667,208.3333333,8.437500001,5.208333333,5-I3,NAP-CE_33,33,5
MAN-FOX.3.5,7/27/2016,GL Alvar,MAN-FOX,3,5,27.333333,25,195.3125,143.2291667,4.003906201,3.580729168,5-B13,MAN-FOX_3,3,5
MB-CRN.17.4,7/28/2016,M Alvar,MB-CRN,17,4,27.333333,25,286.4583333,221.3541667,5.872395761,5.533854168,4-M3,MB-CRN_17,17,4
MB-MR.13.4,7/28/2016,M Alvar,MB-MR,13,4,27.666667,25,156.25,156.25,3.242187539,3.90625,4-N12,MB-MR_13,13,4
CAR-PSR.10.4,7/22/2016,GL Alvar,CAR-PSR,10,4,28,25,247.3958333,247.3958333,5.195312499,6.184895833,4-C7,CAR-PSR_10,10,4
MB-CRN.21.4,7/28/2016,M Alvar,MB-CRN,21,4,28,25,234.375,234.375,4.921875,5.859375,4-N4,MB-CRN_21,21,4
MB-MR.2.9,7/29/2016,M Alvar,MB-MR,2,9,28.333333,25,286.4583333,351.5625,6.087239511,8.7890625,9-N12,MB-MR_2,2,9
MN-PMG.1,7/10/2016,Prairie,MN-PMG,1,NA,28.333333,25,182.2916667,143.2291667,3.873697872,3.580729168,1-I15,MN-PMG_NA,NA,1
SD-PMG.7,7/10/2016,Prairie,SD-PMG,7,NA,28.666667,25,221.3541667,182.2916667,4.759114639,4.557291668,7-G12,SD-PMG_NA,NA,7
MAN-LCI.12.6,7/27/2016,GL Alvar,MAN-LCI,12,6,29,25,156.25,169.2708333,3.3984375,4.231770833,6-F5,MAN-LCI_12,12,6
MB-MR.38.3,7/6/2016,M Alvar,MB-MR,38,3,NA,25,NA,169.2708333,NA,4.231770833,3-D14,MB-MR_38,38,3
NAP-CE.33.11,6/27/2016,GL Alvar,NAP-CE,33,11,NA,25,NA,234.375,NA,5.859375,11-D12,NAP-CE_33,33,11
WNY-CB.10.7,7/5/2016,GL Alvar,WNY-CB,10,7,NA,25,NA,182.2916667,NA,4.557291668,7-D10,WNY-CB_10,10,7
WNY-CB.18.3,7/30/2016,GL Alvar,WNY-CB,18,3,NA,25,182.2916667,169.2708333,NA,4.231770833,3-H6,WNY-CB_18,18,3
SD-MUD.23.3,7/10/2016,Prairie,SD-MUD,23,3,24,25.333333,364.5833333,182.2916667,6.562499999,4.618055496,3-C12,SD-MUD_23,23,3
MB-CRN.21.2,7/28/2016,M Alvar,MB-CRN,21,2,24.666667,25.333333,312.5,208.3333333,5.781250078,5.277777707,2-D13,MB-CRN_21,21,2
CAR-PSR.10.6,7/22/2016,GL Alvar,CAR-PSR,10,6,25,25.333333,364.5833333,234.375,6.835937499,5.937499922,6-J14,CAR-PSR_10,10,6
MB-MR.38.6,7/6/2016,M Alvar,MB-MR,38,6,25,25.333333,247.3958333,182.2916667,4.638671874,4.618055496,6-E10,MB-MR_38,38,6
WNY-CB.23.8,7/23/2016,GL Alvar,WNY-CB,23,8,25,25.333333,182.2916667,169.2708333,3.417968751,4.288194387,8-N8,WNY-CB_23,23,8
CAR-NBA.1.5,7/18/2016,GL Alvar,CAR-NBA,1,5,25.333333,25.333333,234.375,247.3958333,4.453124941,6.267361028,5-D10,CAR-NBA_1,1,5
MAN-LCI.11.7,7/27/2016,GL Alvar,MAN-LCI,11,7,25.333333,25.333333,364.5833333,208.3333333,6.927083242,5.277777707,7-A14,MAN-LCI_11,11,7
MAN-KIP.16.4,7/27/2016,GL Alvar,MAN-KIP,16,4,25.666667,25.333333,299.4791667,143.2291667,5.764974034,3.628472175,4-N8,MAN-KIP_16,16,4
CAR-NBA.21.7,7/20/2016,GL Alvar,CAR-NBA,21,7,26,25.333333,234.375,130.2083333,4.5703125,3.298611067,7-N5,CAR-NBA_21,21,7
MAN-FOX.29.5,7/27/2016,GL Alvar,MAN-FOX,29,5,26,25.333333,234.375,208.3333333,4.5703125,5.277777707,5-A5,MAN-FOX_29,29,5
MAN-MIS.11.3,7/28/2016,GL Alvar,MAN-MIS,11,3,26.666667,25.333333,299.4791667,247.3958333,5.989583409,6.267361028,3-C8,MAN-MIS_11,11,3
MB-CRN.17.9,7/28/2016,M Alvar,MB-CRN,17,9,26.666667,25.333333,247.3958333,260.4166667,4.947916728,6.597222136,9-G7,MB-CRN_17,17,9
NAP-SCH.20.5,7/29/2016,GL Alvar,NAP-SCH,20,5,26.666667,25.333333,221.3541667,130.2083333,4.427083389,3.298611067,5-H2,NAP-SCH_20,20,5
MAN-FOX.18.4,7/27/2016,GL Alvar,MAN-FOX,18,4,27,25.333333,208.3333333,195.3125,4.218749999,4.947916602,4-H2,MAN-FOX_18,18,4
NAP-SCH.11.7,7/29/2016,GL Alvar,NAP-SCH,11,7,27.333333,25.333333,351.5625,182.2916667,7.207031162,4.618055496,7-A6,NAP-SCH_11,11,7
MB-CRN.2.12,7/7/2016,M Alvar,MB-CRN,2,12,27.666667,25.333333,221.3541667,182.2916667,4.593099014,4.618055496,12-G8,MB-CRN_2,2,12
SD-MUD.6.2,7/8/2016,Prairie,SD-MUD,6,2,27.666667,25.333333,221.3541667,182.2916667,4.593099014,4.618055496,2-A6,SD-MUD_6,6,2
MAN-LCI.3.4,7/28/2016,GL Alvar,MAN-LCI,3,4,28,25.333333,260.4166667,221.3541667,5.468750001,5.607638816,4-H12,MAN-LCI_3,3,4
SD-MUD.10.2,7/30/2016,Prairie,SD-MUD,10,2,28,25.333333,260.4166667,182.2916667,5.468750001,4.618055496,2-B14,SD-MUD_10,10,2
SD-MUD.10.6,7/30/2016,Prairie,SD-MUD,10,6,28,25.333333,247.3958333,247.3958333,5.195312499,6.267361028,6-D12,SD-MUD_10,10,6
AB-LL.12.6,7/16/2016,Prairie,AB-LL,12,6,28.333333,25.333333,130.2083333,130.2083333,2.76692705,3.298611067,6-L15,AB-LL_12,12,6
MI-DRI.13.12,7/25/2016,GL Alvar,MI-DRI,13,12,28.333333,25.333333,273.4375,130.2083333,5.810546807,3.298611067,12-I6,MI-DRI_13,13,12
WNY-CB.23.9,7/30/2016,GL Alvar,WNY-CB,23,9,28.333333,25.333333,169.2708333,182.2916667,3.597005165,4.618055496,9-K11,WNY-CB_23,23,9
CAR-PSR.7.5,7/27/2016,GL Alvar,CAR-PSR,7,5,28.666667,25.333333,338.5416667,247.3958333,7.278645919,6.267361028,5-E4,CAR-PSR_7,7,5
NAP-SCH.9.5,7/29/2016,GL Alvar,NAP-SCH,9,5,29,25.333333,234.375,208.3333333,5.09765625,5.277777707,5-B4,NAP-SCH_9,9,5
CAR-PSR.12.7,7/22/2016,GL Alvar,CAR-PSR,12,7,NA,25.333333,NA,208.3333333,NA,5.277777707,7-E7,CAR-PSR_12,12,7
MB-MR.25.6,7/29/2016,M Alvar,MB-MR,25,6,NA,25.333333,NA,169.2708333,NA,4.288194387,6-N16,MB-MR_25,25,6
AB-LL.13.9,7/18/2016,Prairie,AB-LL,13,9,22.666667,25.666667,182.2916667,104.1666667,3.098958379,2.673611147,9-E3,AB-LL_13,13,9
ND-BSP.29.1,6/28/2016,Prairie,ND-BSP,29,1,22.666667,25.666667,221.3541667,195.3125,3.763020889,5.013020898,1-M12,ND-BSP_29,29,1
MB-CRN.29.3,7/6/2016,M Alvar,MB-CRN,29,3,24,25.666667,195.3125,156.25,3.515625,4.010416719,3-B12,MB-CRN_29,29,3
MB-MR.21.5,7/6/2016,M Alvar,MB-MR,21,5,24,25.666667,221.3541667,221.3541667,3.984375001,5.681423686,5-N12,MB-MR_21,21,5
MAN-KIP.24.2,7/27/2016,GL Alvar,MAN-KIP,24,2,24.666667,25.666667,234.375,156.25,4.335937559,4.010416719,2-I8,MAN-KIP_24,24,2
MB-CRN.2.4,7/6/2016,M Alvar,MB-CRN,2,4,24.666667,25.666667,247.3958333,195.3125,4.576822978,5.013020898,4-H4,MB-CRN_2,2,4
ND-BSP.25.4,7/1/2016,Prairie,ND-BSP,25,4,24.666667,25.666667,377.6041667,195.3125,6.985677178,5.013020898,4-F13,ND-BSP_25,25,4
WNY-CB.10.11,7/5/2016,GL Alvar,WNY-CB,10,11,24.666667,25.666667,325.5208333,182.2916667,6.022135497,4.678819506,11-E16,WNY-CB_10,10,11
MAN-LCI.8.4,7/8/2016,GL Alvar,MAN-LCI,8,4,25,25.666667,247.3958333,117.1875,4.638671874,3.007812539,4-I14,MAN-LCI_8,8,4
MB-MR.21.8,7/6/2016,M Alvar,MB-MR,21,8,25,25.666667,247.3958333,104.1666667,4.638671874,2.673611147,8-D16,MB-MR_21,21,8
CAR-NBA.8.3,7/21/2016,GL Alvar,CAR-NBA,8,3,25.333333,25.666667,429.6875,273.4375,8.164062393,7.018229258,3-G3,CAR-NBA_8,8,3
CAR-PSR.31.6,7/3/2016,GL Alvar,CAR-PSR,31,6,25.333333,25.666667,416.6666667,182.2916667,7.916666563,4.678819506,6-C14,CAR-PSR_31,31,6
MAN-KIP.37.4,7/27/2016,GL Alvar,MAN-KIP,37,4,25.333333,25.666667,260.4166667,169.2708333,4.947916602,4.344618111,4-H16,MAN-KIP_37,37,4
SD-MUD.23.8,7/10/2016,Prairie,SD-MUD,23,8,25.666667,25.666667,325.5208333,104.1666667,6.266276122,2.673611147,8-G10,SD-MUD_23,23,8
MB-CRN.27.5,7/28/2016,M Alvar,MB-CRN,27,5,26,25.666667,195.3125,182.2916667,3.80859375,4.678819506,5-I8,MB-CRN_27,27,5
MB-CRN.29.7,7/6/2016,M Alvar,MB-CRN,29,7,26,25.666667,234.375,247.3958333,4.5703125,6.34982647,7-E5,MB-CRN_29,29,7
NAP-SCH.23.3,7/29/2016,GL Alvar,NAP-SCH,23,3,26,25.666667,260.4166667,182.2916667,5.078125001,4.678819506,3-I6,NAP-SCH_23,23,3
AB-LL.10.3,7/16/2016,Prairie,AB-LL,10,3,26.333333,25.666667,195.3125,156.25,3.857421826,4.010416719,3-D13,AB-LL_10,10,3
MB-MR.13.2,7/28/2016,M Alvar,MB-MR,13,2,26.333333,25.666667,156.25,104.1666667,3.085937461,2.673611147,2-A8,MB-MR_13,13,2
NAP-CE.19.6,7/29/2016,GL Alvar,NAP-CE,19,6,26.333333,25.666667,182.2916667,156.25,3.600260372,4.010416719,6-F7,NAP-CE_19,19,6
WNY-CB.10.8,7/5/2016,GL Alvar,WNY-CB,10,8,27,25.666667,338.5416667,195.3125,6.855468751,5.013020898,8-M5,WNY-CB_10,10,8
NAP-SCH.20.7,7/29/2016,GL Alvar,NAP-SCH,20,7,27.666667,25.666667,286.4583333,143.2291667,5.944010488,3.676215326,7-C10,NAP-SCH_20,20,7
MAN-KIP.11.6,7/27/2016,GL Alvar,MAN-KIP,11,6,28,25.666667,273.4375,156.25,5.7421875,4.010416719,6-F15,MAN-KIP_11,11,6
WNY-CB.28.3,7/30/2016,GL Alvar,WNY-CB,28,3,28.666667,25.666667,169.2708333,195.3125,3.639322958,5.013020898,3-C3,WNY-CB_28,28,3
CAR-PSR.23.3,7/27/2016,GL Alvar,CAR-PSR,23,3,NA,25.666667,NA,104.1666667,NA,2.673611147,3-M14,CAR-PSR_23,23,3
WNY-CB.28.10,7/30/2016,GL Alvar,WNY-CB,28,10,NA,25.666667,NA,117.1875,NA,3.007812539,10-H12,WNY-CB_28,28,10
SD-MUD.1.4,7/30/2016,Prairie,SD-MUD,1,4,23,26,247.3958333,247.3958333,4.267578124,6.432291666,4-L12,SD-MUD_1,1,4
MAN-FOX.3.2,7/27/2016,GL Alvar,MAN-FOX,3,2,24.333333,26,234.375,143.2291667,4.277343691,3.723958334,2-J13,MAN-FOX_3,3,2
MAN-LCI.9.5,7/28/2016,GL Alvar,MAN-LCI,9,5,25,26,325.5208333,182.2916667,6.103515624,4.739583334,5-D16,MAN-LCI_9,9,5
MB-CRN.2.8,7/6/2016,M Alvar,MB-CRN,2,8,25,26,221.3541667,143.2291667,4.150390626,3.723958334,8-J7,MB-CRN_2,2,8
MB-MR.38.11,7/6/2016,M Alvar,MB-MR,38,11,25,26,299.4791667,221.3541667,5.615234376,5.755208334,11-E6,MB-MR_38,38,11
MB-MR.19.7,7/28/2016,M Alvar,MB-MR,19,7,25.333333,26,364.5833333,195.3125,6.927083242,5.078125,7-G11,MB-MR_19,19,7
MAN-MIS.30.4,7/28/2016,GL Alvar,MAN-MIS,30,4,26,26,260.4166667,182.2916667,5.078125001,4.739583334,4-F7,MAN-MIS_30,30,4
MAN-LCI.11.1,7/27/2016,GL Alvar,MAN-LCI,11,1,26.333333,26,260.4166667,143.2291667,5.143229102,3.723958334,1-L13,MAN-LCI_11,11,1
NAP-CE.33.7,6/27/2016,GL Alvar,NAP-CE,33,7,26.333333,26,299.4791667,169.2708333,5.914713467,4.401041666,7-G16,NAP-CE_33,33,7
NAP-SCH.9.3,7/29/2016,GL Alvar,NAP-SCH,9,3,26.333333,26,260.4166667,117.1875,5.143229102,3.046875,3-B3,NAP-SCH_9,9,3
MAN-LCI.9.2,7/28/2016,GL Alvar,MAN-LCI,9,2,26.666667,26,286.4583333,260.4166667,5.729166738,6.770833334,2-H8,MAN-LCI_9,9,2
WNY-CB.2.5,7/5/2016,GL Alvar,WNY-CB,2,5,26.666667,26,377.6041667,234.375,7.552083428,6.09375,5-F12,WNY-CB_2,2,5
WNY-CB.2.8,7/5/2016,GL Alvar,WNY-CB,2,8,26.666667,26,247.3958333,169.2708333,4.947916728,4.401041666,8-C10,WNY-CB_2,2,8
MAN-LCI.12.5,7/27/2016,GL Alvar,MAN-LCI,12,5,27,26,143.2291667,156.25,2.900390626,4.0625,5-I5,MAN-LCI_12,12,5
NAP-CE.33.4,6/27/2016,GL Alvar,NAP-CE,33,4,27,26,286.4583333,208.3333333,5.800781249,5.416666666,4-I15,NAP-CE_33,33,4
MB-CRN.10.10,7/28/2016,M Alvar,MB-CRN,10,10,27.666667,26,234.375,208.3333333,4.863281309,5.416666666,10-E12,MB-CRN_10,10,10
NAP-CE.24.10,7/29/2016,GL Alvar,NAP-CE,24,10,27.666667,26,299.4791667,182.2916667,6.214192784,4.739583334,10-B16,NAP-CE_24,24,10
NAP-SCH.11.2,7/29/2016,GL Alvar,NAP-SCH,11,2,27.666667,26,234.375,130.2083333,4.863281309,3.385416666,2-E16,NAP-SCH_11,11,2
CAR-NBA.4.4,7/21/2016,GL Alvar,CAR-NBA,4,4,28,26,195.3125,182.2916667,4.1015625,4.739583334,4-C16,CAR-NBA_4,4,4
MB-MR.38.4,7/6/2016,M Alvar,MB-MR,38,4,28,26,208.3333333,104.1666667,4.374999999,2.708333334,4-A3,MB-MR_38,38,4
MAN-KIP.24.1,7/27/2016,GL Alvar,MAN-KIP,24,1,28.333333,26,208.3333333,130.2083333,4.427083281,3.385416666,1-I7,MAN-KIP_24,24,1
MAN-MIS.30.8,7/28/2016,GL Alvar,MAN-MIS,30,8,28.666667,26,234.375,182.2916667,5.039062559,4.739583334,8-J3,MAN-MIS_30,30,8
MN-PMG.11,7/10/2016,Prairie,MN-PMG,11,NA,29,26,143.2291667,91.14583333,3.115234376,2.369791667,11-L7,MN-PMG_NA,NA,11
CAR-PSR.10.8,7/22/2016,GL Alvar,CAR-PSR,10,8,29.333333,26,208.3333333,182.2916667,4.583333281,4.739583334,8-I15,CAR-PSR_10,10,8
WNY-CB.16.4,7/30/2016,GL Alvar,WNY-CB,16,4,29.333333,26,351.5625,221.3541667,7.734374912,5.755208334,4-K6,WNY-CB_16,16,4
NAP-CE.7.6,6/24/2016,GL Alvar,NAP-CE,7,6,29.666667,26,169.2708333,169.2708333,3.766276083,4.401041666,6-M10,NAP-CE_7,7,6
MB-MR.13.6,7/28/2016,M Alvar,MB-MR,13,6,23.333333,26.333333,338.5416667,221.3541667,5.924479083,5.828992983,6-K5,MB-MR_13,13,6
NAP-SCH.17.9,7/29/2016,GL Alvar,NAP-SCH,17,9,24,26.333333,312.5,195.3125,5.625,5.143229102,9-A2,NAP-SCH_17,17,9
MAN-MIS.30.6,7/28/2016,GL Alvar,MAN-MIS,30,6,24.333333,26.333333,143.2291667,169.2708333,2.613932256,4.45746522,6-L10,MAN-MIS_30,30,6
MAN-MIS.32.3,7/28/2016,GL Alvar,MAN-MIS,32,3,25,26.333333,351.5625,208.3333333,6.591796875,5.486111041,3-H11,MAN-MIS_32,32,3
MAN-KIP.24.5,7/27/2016,GL Alvar,MAN-KIP,24,5,25.333333,26.333333,312.5,156.25,5.937499922,4.114583281,5-E14,MAN-KIP_24,24,5
MB-MR.19.1,7/28/2016,M Alvar,MB-MR,19,1,25.333333,26.333333,208.3333333,208.3333333,3.958333281,5.486111041,1-G16,MB-MR_19,19,1
ND-BSP.25.12,7/1/2016,Prairie,ND-BSP,25,12,25.333333,26.333333,195.3125,156.25,3.710937451,4.114583281,12-J11,ND-BSP_25,25,12
NAP-CE.7.3,6/24/2016,GL Alvar,NAP-CE,7,3,25.666667,26.333333,273.4375,156.25,5.263671943,4.114583281,3-A5,NAP-CE_7,7,3
SD-MUD.23.10,7/10/2016,Prairie,SD-MUD,23,10,25.666667,26.333333,156.25,91.14583333,3.007812539,2.400173581,10-K15,SD-MUD_23,23,10
WNY-CB.18.4,7/30/2016,GL Alvar,WNY-CB,18,4,25.666667,26.333333,286.4583333,182.2916667,5.514322988,4.800347162,4-D6,WNY-CB_18,18,4
CAR-NBA.8.6,7/21/2016,GL Alvar,CAR-NBA,8,6,26,26.333333,364.5833333,208.3333333,7.109374999,5.486111041,6-E16,CAR-NBA_8,8,6
MB-CRN.29.4,7/6/2016,M Alvar,MB-CRN,29,4,26,26.333333,260.4166667,182.2916667,5.078125001,4.800347162,4-F16,MB-CRN_29,29,4
MB-MR.2.2,7/29/2016,M Alvar,MB-MR,2,2,26,26.333333,130.2083333,286.4583333,2.539062499,7.543402681,2-B8,MB-MR_2,2,2
WNY-CB.23.1,7/30/2016,GL Alvar,WNY-CB,23,1,26,26.333333,247.3958333,169.2708333,4.824218749,4.45746522,1-J11,WNY-CB_23,23,1
CAR-NBA.4.5,7/21/2016,GL Alvar,CAR-NBA,4,5,26.333333,26.333333,312.5,221.3541667,6.171874922,5.828992983,5-I14,CAR-NBA_4,4,5
CAR-NBA.4.9,7/21/2016,GL Alvar,CAR-NBA,4,9,26.333333,26.333333,390.625,169.2708333,7.714843652,4.45746522,9-G6,CAR-NBA_4,4,9
MAN-LCI.11.2,7/27/2016,GL Alvar,MAN-LCI,11,2,26.666667,26.333333,286.4583333,91.14583333,5.729166738,2.400173581,2-M8,MAN-LCI_11,11,2
WNY-CB.18.2,7/30/2016,GL Alvar,WNY-CB,18,2,27,26.333333,221.3541667,182.2916667,4.482421876,4.800347162,2-K2,WNY-CB_18,18,2
MAN-KIP.28.3,7/27/2016,GL Alvar,MAN-KIP,28,3,27.333333,26.333333,273.4375,195.3125,5.605468682,5.143229102,3-G8,MAN-KIP_28,28,3
MB-MR.38.10,7/6/2016,M Alvar,MB-MR,38,10,27.333333,26.333333,221.3541667,182.2916667,4.537760362,4.800347162,10-M8,MB-MR_38,38,10
WNY-CB.10.3,7/5/2016,GL Alvar,WNY-CB,10,3,27.333333,26.333333,312.5,247.3958333,6.406249922,6.514756861,3-B4,WNY-CB_10,10,3
MAN-FOX.18.3,7/27/2016,GL Alvar,MAN-FOX,18,3,27.666667,26.333333,195.3125,273.4375,4.052734424,7.200520742,3-A10,MAN-FOX_18,18,3
WNY-CB.2.2,7/5/2016,GL Alvar,WNY-CB,2,2,27.666667,26.333333,195.3125,156.25,4.052734424,4.114583281,2-F10,WNY-CB_2,2,2
CAR-PSR.6.2,7/1/2016,GL Alvar,CAR-PSR,6,2,28,26.333333,403.6458333,247.3958333,8.476562499,6.514756861,2-A2,CAR-PSR_6,6,2
MAN-LCI.9.8,7/28/2016,GL Alvar,MAN-LCI,9,8,28,26.333333,247.3958333,130.2083333,5.195312499,3.4288194,8-A8,MAN-LCI_9,9,8
SD-PMG.15,7/10/2016,Prairie,SD-PMG,15,NA,28,26.333333,247.3958333,143.2291667,5.195312499,3.771701342,3-G12,SD-PMG_NA,NA,3
WNY-CB.2.9,7/5/2016,GL Alvar,WNY-CB,2,9,28,26.333333,299.4791667,117.1875,6.289062501,3.085937461,9-E13,WNY-CB_2,2,9
MB-CRN.29.2,7/6/2016,M Alvar,MB-CRN,29,2,28.333333,26.333333,208.3333333,156.25,4.427083281,4.114583281,2-B11,MB-CRN_29,29,2
MB-CRN.2.9,7/6/2016,M Alvar,MB-CRN,2,9,28.666667,26.333333,156.25,234.375,3.359375039,6.171874922,9-D15,MB-CRN_2,2,9
ND-BSP.29.7,6/28/2016,Prairie,ND-BSP,29,7,28.666667,26.333333,130.2083333,130.2083333,2.799479199,3.4288194,7-I14,ND-BSP_29,29,7
CAR-NBA.21.6,7/20/2016,GL Alvar,CAR-NBA,21,6,NA,26.333333,NA,182.2916667,NA,4.800347162,6-J5,CAR-NBA_21,21,6
MAN-FOX.29.6,7/27/2016,GL Alvar,MAN-FOX,29,6,NA,26.333333,NA,169.2708333,NA,4.45746522,6-D7,MAN-FOX_29,29,6
MAN-FOX.3.3,7/27/2016,GL Alvar,MAN-FOX,3,3,NA,26.333333,NA,143.2291667,NA,3.771701342,3-J15,MAN-FOX_3,3,3
SD-PMG.20,7/10/2016,Prairie,SD-PMG,20,NA,NA,26.333333,NA,169.2708333,NA,4.45746522,8-F7,SD-PMG_NA,NA,8
MB-MR.21.3,7/6/2016,M Alvar,MB-MR,21,3,23,26.666667,351.5625,234.375,6.064453125,6.250000078,3-L3,MB-MR_21,21,3
MB-CRN.2.5,7/6/2016,M Alvar,MB-CRN,2,5,23.333333,26.666667,338.5416667,234.375,5.924479083,6.250000078,5-A7,MB-CRN_2,2,5
CAR-NBA.4.6,7/21/2016,GL Alvar,CAR-NBA,4,6,24,26.666667,312.5,156.25,5.625,4.166666719,6-L3,CAR-NBA_4,4,6
NAP-CE.19.4,7/29/2016,GL Alvar,NAP-CE,19,4,24.666667,26.666667,390.625,195.3125,7.226562598,5.208333398,4-L16,NAP-CE_19,19,4
NAP-CE.24.5,7/29/2016,GL Alvar,NAP-CE,24,5,24.666667,26.666667,286.4583333,182.2916667,5.299479238,4.861111173,5-M13,NAP-CE_24,24,5
WNY-CB.16.7,7/30/2016,GL Alvar,WNY-CB,16,7,25,26.666667,312.5,156.25,5.859375,4.166666719,7-N6,WNY-CB_16,16,7
MN-PMG.17,7/10/2016,Prairie,MN-PMG,17,NA,25.333333,26.666667,221.3541667,182.2916667,4.205729112,4.861111173,5-J8,MN-PMG_NA,NA,5
MAN-MIS.20.4,7/28/2016,GL Alvar,MAN-MIS,20,4,26,26.666667,364.5833333,312.5,7.109374999,8.333333438,4-H3,MAN-MIS_20,20,4
ND-BSP.25.7,7/1/2016,Prairie,ND-BSP,25,7,26,26.666667,299.4791667,169.2708333,5.839843751,4.513888944,7-A11,ND-BSP_25,25,7
SD-PMG.3,7/10/2016,Prairie,SD-PMG,3,NA,26,26.666667,325.5208333,130.2083333,6.347656249,3.472222265,3-D8,SD-PMG_NA,NA,3
WNY-CB.2.1,7/5/2016,GL Alvar,WNY-CB,2,1,26,26.666667,247.3958333,221.3541667,4.824218749,5.902777852,1-D16,WNY-CB_2,2,1
MAN-MIS.32.4,7/28/2016,GL Alvar,MAN-MIS,32,4,26.333333,26.666667,377.6041667,221.3541667,7.457682198,5.902777852,4-B8,MAN-MIS_32,32,4
NAP-SCH.23.4,7/29/2016,GL Alvar,NAP-SCH,23,4,26.333333,26.666667,338.5416667,208.3333333,6.686197833,5.555555624,4-A2,NAP-SCH_23,23,4
MB-MR.38.9,7/6/2016,M Alvar,MB-MR,38,9,26.666667,26.666667,312.5,156.25,6.250000078,4.166666719,9-C2,MB-MR_38,38,9
MI-DRI.13.8,7/26/2016,GL Alvar,MI-DRI,13,8,26.666667,26.666667,338.5416667,182.2916667,6.770833419,4.861111173,8-B6,MI-DRI_13,13,8
CAR-NBA.3.9,7/21/2016,GL Alvar,CAR-NBA,3,9,27,26.666667,286.4583333,169.2708333,5.800781249,4.513888944,9-C3,CAR-NBA_3,3,9
MAN-KIP.16.7,7/27/2016,GL Alvar,MAN-KIP,16,7,27,26.666667,208.3333333,104.1666667,4.218749999,2.777777813,7-I4,MAN-KIP_16,16,7
CAR-PSR.12.2,7/22/2016,GL Alvar,CAR-PSR,12,2,27.333333,26.666667,286.4583333,156.25,5.872395761,4.166666719,2-G11,CAR-PSR_12,12,2
MAN-MIS.20.2,7/28/2016,GL Alvar,MAN-MIS,20,2,27.333333,26.666667,247.3958333,247.3958333,5.071614521,6.597222304,2-A10,MAN-MIS_20,20,2
MAN-LCI.15.6,7/20/2016,GL Alvar,MAN-LCI,15,6,27.666667,26.666667,247.3958333,143.2291667,5.133463603,3.819444493,6-B8,MAN-LCI_15,15,6
ND-BSP.22.3,7/30/2016,Prairie,ND-BSP,22,3,27.666667,26.666667,260.4166667,143.2291667,5.403645899,3.819444493,3-H13,ND-BSP_22,22,3
ND-BSP.29.10,6/28/2016,Prairie,ND-BSP,29,10,27.666667,26.666667,208.3333333,221.3541667,4.322916718,5.902777852,10-K3,ND-BSP_29,29,10
WNY-CB.2.12,7/5/2016,GL Alvar,WNY-CB,2,12,27.666667,26.666667,273.4375,130.2083333,5.673828193,3.472222265,12-E10,WNY-CB_2,2,12
CAR-PSR.6.11,7/1/2016,GL Alvar,CAR-PSR,6,11,28,26.666667,221.3541667,221.3541667,4.648437501,5.902777852,11-H14,CAR-PSR_6,6,11
MB-CRN.27.6,7/28/2016,M Alvar,MB-CRN,27,6,28,26.666667,208.3333333,234.375,4.374999999,6.250000078,6-I7,MB-CRN_27,27,6
MB-MR.2.6,7/29/2016,M Alvar,MB-MR,2,6,28,26.666667,286.4583333,234.375,6.015624999,6.250000078,6-M5,MB-MR_2,2,6
CAR-NBA.3.5,7/21/2016,GL Alvar,CAR-NBA,3,5,28.666667,26.666667,273.4375,208.3333333,5.878906318,5.555555624,5-M12,CAR-NBA_3,3,5
MAN-LCI.15.8,7/26/2016,GL Alvar,MAN-LCI,15,8,29,26.666667,234.375,143.2291667,5.09765625,3.819444493,8-C12,MAN-LCI_15,15,8
MAN-MIS.30.3,7/28/2016,GL Alvar,MAN-MIS,30,3,29,26.666667,208.3333333,169.2708333,4.531249999,4.513888944,3-J8,MAN-MIS_30,30,3
MI-DRI.5.4,6/28/2016,GL Alvar,MI-DRI,5,4,29.666667,26.666667,143.2291667,104.1666667,3.186848995,2.777777813,4-C6,MI-DRI_5,5,4
ND-BSP.25.11,7/1/2016,Prairie,ND-BSP,25,11,30,26.666667,182.2916667,208.3333333,4.101562501,5.555555624,11-M11,ND-BSP_25,25,11
MAN-MIS.27.7,7/28/2016,GL Alvar,MAN-MIS,27,7,30.666667,26.666667,260.4166667,130.2083333,5.989583399,3.472222265,7-L16,MAN-MIS_27,27,7
MAN-KIP.24.7,7/27/2016,GL Alvar,MAN-KIP,24,7,NA,26.666667,NA,130.2083333,NA,3.472222265,7-D6,MAN-KIP_24,24,7
MAN-MIS.30.7,7/28/2016,GL Alvar,MAN-MIS,30,7,NA,26.666667,NA,195.3125,NA,5.208333398,7-F2,MAN-MIS_30,30,7
MB-CRN.29.9,7/6/2016,M Alvar,MB-CRN,29,9,NA,26.666667,NA,156.25,NA,4.166666719,9-G14,MB-CRN_29,29,9
MI-DRI.24.6,7/29/2016,GL Alvar,MI-DRI,24,6,NA,26.666667,195.3125,130.2083333,NA,3.472222265,6-M8,MI-DRI_24,24,6
NAP-CE.33.2,6/27/2016,GL Alvar,NAP-CE,33,2,NA,26.666667,NA,169.2708333,NA,4.513888944,2-I5,NAP-CE_33,33,2
WNY-CB.23.2,7/30/2016,GL Alvar,WNY-CB,23,2,24.333333,27,221.3541667,117.1875,4.039713487,3.1640625,2-H13,WNY-CB_23,23,2
MB-CRN.29.12,7/7/2016,M Alvar,MB-CRN,29,12,24.666667,27,325.5208333,208.3333333,6.022135497,5.624999999,12-D2,MB-CRN_29,29,12
NAP-CE.7.8,6/24/2016,GL Alvar,NAP-CE,7,8,24.666667,27,286.4583333,234.375,5.299479238,6.328125,8-I16,NAP-CE_7,7,8
CAR-NBA.10.3,7/19/2016,GL Alvar,CAR-NBA,10,3,25,27,325.5208333,182.2916667,6.103515624,4.921875001,3-F14,CAR-NBA_10,10,3
MB-MR.25.4,7/29/2016,M Alvar,MB-MR,25,4,25.333333,27,286.4583333,104.1666667,5.442708261,2.812500001,4-E12,MB-MR_25,25,4
MI-DRI.5.5,6/28/2016,GL Alvar,MI-DRI,5,5,25.333333,27,312.5,117.1875,5.937499922,3.1640625,5-N4,MI-DRI_5,5,5
MB-CRN.17.7,7/28/2016,M Alvar,MB-CRN,17,7,25.666667,27,208.3333333,221.3541667,4.010416718,5.976562501,7-K15,MB-CRN_17,17,7
SD-MUD.23.1,7/10/2016,Prairie,SD-MUD,23,1,25.666667,27,273.4375,130.2083333,5.263671943,3.515624999,1-G10,SD-MUD_23,23,1
WNY-CB.10.6,7/5/2016,GL Alvar,WNY-CB,10,6,25.666667,27,299.4791667,169.2708333,5.764974034,4.570312499,6-D15,WNY-CB_10,10,6
MAN-FOX.17.5,7/27/2016,GL Alvar,MAN-FOX,17,5,26.666667,27,195.3125,156.25,3.906250049,4.21875,5-F10,MAN-FOX_17,17,5
MAN-LCI.3.9,7/28/2016,GL Alvar,MAN-LCI,3,9,26.666667,27,247.3958333,143.2291667,4.947916728,3.867187501,9-B8,MAN-LCI_3,3,9
NAP-SCH.20.6,7/29/2016,GL Alvar,NAP-SCH,20,6,26.666667,27,234.375,130.2083333,4.687500059,3.515624999,6-D5,NAP-SCH_20,20,6
AB-LL.26.5,7/27/2016,Prairie,AB-LL,26,5,27,27,182.2916667,169.2708333,3.691406251,4.570312499,5-F4,AB-LL_26,26,5
MAN-KIP.16.3,7/27/2016,GL Alvar,MAN-KIP,16,3,27,27,208.3333333,117.1875,4.218749999,3.1640625,3-K14,MAN-KIP_16,16,3
MAN-KIP.37.3,7/27/2016,GL Alvar,MAN-KIP,37,3,27,27,286.4583333,130.2083333,5.800781249,3.515624999,3-J6,MAN-KIP_37,37,3
NAP-CE.7.4,6/24/2016,GL Alvar,NAP-CE,7,4,27,27,247.3958333,182.2916667,5.009765624,4.921875001,4-B12,NAP-CE_7,7,4
MI-DRI.13.2,7/25/2016,GL Alvar,MI-DRI,13,2,27.333333,27,273.4375,156.25,5.605468682,4.21875,2-N4,MI-DRI_13,13,2
AB-LL.13.8,7/18/2016,Prairie,AB-LL,13,8,28,27,182.2916667,104.1666667,3.828125001,2.812500001,8-K11,AB-LL_13,13,8
CAR-PSR.6.6,7/1/2016,GL Alvar,CAR-PSR,6,6,28,27,286.4583333,234.375,6.015624999,6.328125,6-B11,CAR-PSR_6,6,6
MAN-MIS.20.5,7/28/2016,GL Alvar,MAN-MIS,20,5,28,27,195.3125,117.1875,4.1015625,3.1640625,5-E15,MAN-MIS_20,20,5
MB-CRN.2.10,7/6/2016,M Alvar,MB-CRN,2,10,28,27,182.2916667,234.375,3.828125001,6.328125,10-I12,MB-CRN_2,2,10
MAN-FOX.2.4,7/27/2016,GL Alvar,MAN-FOX,2,4,28.333333,27,195.3125,169.2708333,4.150390576,4.570312499,4-D7,MAN-FOX_2,2,4
MI-DRI.5.10,6/28/2016,GL Alvar,MI-DRI,5,10,28.666667,27,130.2083333,117.1875,2.799479199,3.1640625,10-J2,MI-DRI_5,5,10
AB-LL.10.6,7/16/2016,Prairie,AB-LL,10,6,29,27,182.2916667,117.1875,3.964843751,3.1640625,6-F16,AB-LL_10,10,6
MB-CRN.10.5,7/28/2016,M Alvar,MB-CRN,10,5,29,27,208.3333333,169.2708333,4.531249999,4.570312499,5-J12,MB-CRN_10,10,5
MI-DRI.13.11,7/25/2016,GL Alvar,MI-DRI,13,11,29,27,234.375,221.3541667,5.09765625,5.976562501,11-E10,MI-DRI_13,13,11
CAR-NBA.3.4,7/21/2016,GL Alvar,CAR-NBA,3,4,29.333333,27,221.3541667,260.4166667,4.869791612,7.031250001,4-G12,CAR-NBA_3,3,4
SD-MUD.6.11,7/7/2016,Prairie,SD-MUD,6,11,29.333333,27,234.375,117.1875,5.156249941,3.1640625,11-H13,SD-MUD_6,6,11
MAN-MIS.11.2,7/28/2016,GL Alvar,MAN-MIS,11,2,29.666667,27,299.4791667,273.4375,6.663411534,7.3828125,2-N8,MAN-MIS_11,11,2
SD-MUD.6.4,7/8/2016,Prairie,SD-MUD,6,4,29.666667,27,247.3958333,91.14583333,5.504557353,2.4609375,4-J14,SD-MUD_6,6,4
NAP-SCH.9.10,7/29/2016,GL Alvar,NAP-SCH,9,10,30,27,377.6041667,208.3333333,8.496093751,5.624999999,10-E7,NAP-SCH_9,9,10
SD-PMG.11,7/10/2016,Prairie,SD-PMG,11,NA,30,27,221.3541667,221.3541667,4.980468751,5.976562501,11-K5,SD-PMG_NA,NA,11
WNY-CB.28.7,7/30/2016,GL Alvar,WNY-CB,28,7,30,27,195.3125,143.2291667,4.39453125,3.867187501,7-E13,WNY-CB_28,28,7
MAN-MIS.27.3,7/28/2016,GL Alvar,MAN-MIS,27,3,NA,27,NA,273.4375,NA,7.3828125,3-D10,MAN-MIS_27,27,3
MAN-FOX.3.1,7/27/2016,GL Alvar,MAN-FOX,3,1,25.333333,27.333333,234.375,156.25,4.453124941,4.270833281,1-F11,MAN-FOX_3,3,1
NAP-CE.29.6,7/30/2016,GL Alvar,NAP-CE,29,6,25.333333,27.333333,208.3333333,182.2916667,3.958333281,4.982638829,6-E6,NAP-CE_29,29,6
NAP-CE.33.8,6/27/2016,GL Alvar,NAP-CE,33,8,25.333333,27.333333,260.4166667,195.3125,4.947916602,5.338541602,8-B14,NAP-CE_33,33,8
NAP-CE.7.12,6/27/2016,GL Alvar,NAP-CE,7,12,25.333333,27.333333,247.3958333,169.2708333,4.700520771,4.626736054,12-H6,NAP-CE_7,7,12
MAN-FOX.29.9,7/27/2016,GL Alvar,MAN-FOX,29,9,25.666667,27.333333,325.5208333,195.3125,6.266276122,5.338541602,9-J5,MAN-FOX_29,29,9
MAN-MIS.27.6,7/28/2016,GL Alvar,MAN-MIS,27,6,25.666667,27.333333,351.5625,247.3958333,6.767578213,6.762152694,6-A14,MAN-MIS_27,27,6
MB-CRN.29.11,7/7/2016,M Alvar,MB-CRN,29,11,26,27.333333,273.4375,208.3333333,5.33203125,5.694444374,11-G10,MB-CRN_29,29,11
MAN-MIS.32.2,7/28/2016,GL Alvar,MAN-MIS,32,2,26.333333,27.333333,208.3333333,104.1666667,4.114583281,2.847222188,2-C15,MAN-MIS_32,32,2
MI-DRI.13.9,7/26/2016,GL Alvar,MI-DRI,13,9,26.333333,27.333333,195.3125,78.125,3.857421826,2.135416641,9-F15,MI-DRI_13,13,9
NAP-SCH.20.4,7/29/2016,GL Alvar,NAP-SCH,20,4,26.333333,27.333333,195.3125,156.25,3.857421826,4.270833281,4-B16,NAP-SCH_20,20,4
MAN-KIP.37.5,7/27/2016,GL Alvar,MAN-KIP,37,5,26.666667,27.333333,247.3958333,195.3125,4.947916728,5.338541602,5-N16,MAN-KIP_37,37,5
SD-MUD.6.6,7/8/2016,Prairie,SD-MUD,6,6,26.666667,27.333333,260.4166667,130.2083333,5.208333399,3.559027733,6-C10,SD-MUD_6,6,6
CAR-PSR.6.7,7/1/2016,GL Alvar,CAR-PSR,6,7,27.333333,27.333333,351.5625,273.4375,7.207031162,7.473958242,7-G7,CAR-PSR_6,6,7
MAN-LCI.3.2,7/28/2016,GL Alvar,MAN-LCI,3,2,27.333333,27.333333,169.2708333,143.2291667,3.47005204,3.914930509,2-C7,MAN-LCI_3,3,2
MB-MR.38.1,7/6/2016,M Alvar,MB-MR,38,1,27.333333,27.333333,221.3541667,104.1666667,4.537760362,2.847222188,1-K11,MB-MR_38,38,1
WNY-CB.10.9,7/5/2016,GL Alvar,WNY-CB,10,9,27.333333,27.333333,221.3541667,169.2708333,4.537760362,4.626736054,9-I11,WNY-CB_10,10,9
NAP-CE.7.9,6/24/2016,GL Alvar,NAP-CE,7,9,27.666667,27.333333,338.5416667,182.2916667,7.024739669,4.982638829,9-I14,NAP-CE_7,7,9
NAP-SCH.23.7,7/29/2016,GL Alvar,NAP-SCH,23,7,27.666667,27.333333,286.4583333,130.2083333,5.944010488,3.559027733,7-C16,NAP-SCH_23,23,7
WNY-CB.18.9,7/30/2016,GL Alvar,WNY-CB,18,9,27.666667,27.333333,195.3125,182.2916667,4.052734424,4.982638829,9-M15,WNY-CB_18,18,9
SD-MUD.15.4,7/30/2016,Prairie,SD-MUD,15,4,28,27.333333,169.2708333,169.2708333,3.554687499,4.626736054,4-D11,SD-MUD_15,15,4
MAN-KIP.11.1,7/27/2016,GL Alvar,MAN-KIP,11,1,28.333333,27.333333,182.2916667,143.2291667,3.873697872,3.914930509,1-H4,MAN-KIP_11,11,1
MB-CRN.17.8,7/28/2016,M Alvar,MB-CRN,17,8,28.333333,27.333333,221.3541667,208.3333333,4.703775987,5.694444374,8-G15,MB-CRN_17,17,8
NAP-SCH.17.8,7/29/2016,GL Alvar,NAP-SCH,17,8,28.333333,27.333333,364.5833333,91.14583333,7.747395741,2.491319414,8-D10,NAP-SCH_17,17,8
NAP-CE.33.12,6/27/2016,GL Alvar,NAP-CE,33,12,29,27.333333,143.2291667,182.2916667,3.115234376,4.982638829,12-G5,NAP-CE_33,33,12
SD-MUD.19.1,7/30/2016,Prairie,SD-MUD,19,1,29,27.333333,208.3333333,143.2291667,4.531249999,3.914930509,1-M16,SD-MUD_19,19,1
SD-MUD.6.1,7/8/2016,Prairie,SD-MUD,6,1,29,27.333333,208.3333333,234.375,4.531249999,6.406249922,1-A15,SD-MUD_6,6,1
SD-MUD.10.5,7/30/2016,Prairie,SD-MUD,10,5,29.333333,27.333333,195.3125,130.2083333,4.296874951,3.559027733,5-K5,SD-MUD_10,10,5
ND-BSP.22.9,7/30/2016,Prairie,ND-BSP,22,9,30,27.333333,208.3333333,182.2916667,4.687499999,4.982638829,9-H16,ND-BSP_22,22,9
MI-DRI.2.9,7/29/2016,GL Alvar,MI-DRI,2,9,30.666667,27.333333,195.3125,182.2916667,4.492187549,4.982638829,9-D7,MI-DRI_2,2,9
MI-DRI.5.3,6/28/2016,GL Alvar,MI-DRI,5,3,31.333333,27.333333,169.2708333,156.25,3.97786454,4.270833281,3-I13,MI-DRI_5,5,3
MAN-LCI.12.3,7/27/2016,GL Alvar,MAN-LCI,12,3,NA,27.333333,NA,169.2708333,NA,4.626736054,3-J14,MAN-LCI_12,12,3
MB-MR.21.11,7/6/2016,M Alvar,MB-MR,21,11,23.666667,27.666667,429.6875,195.3125,7.626953232,5.403645898,11-H11,MB-MR_21,21,11
NAP-CE.33.9,6/27/2016,GL Alvar,NAP-CE,33,9,24.666667,27.666667,260.4166667,195.3125,4.817708399,5.403645898,9-M11,NAP-CE_33,33,9
NAP-CE.19.3,7/29/2016,GL Alvar,NAP-CE,19,3,25.333333,27.666667,325.5208333,182.2916667,6.184895751,5.043402839,3-C16,NAP-CE_19,19,3
MB-MR.19.3,7/28/2016,M Alvar,MB-MR,19,3,25.666667,27.666667,312.5,156.25,6.015625078,4.322916719,3-L11,MB-MR_19,19,3
MB-CRN.29.8,7/6/2016,M Alvar,MB-CRN,29,8,26,27.666667,260.4166667,156.25,5.078125001,4.322916719,8-D11,MB-CRN_29,29,8
MI-DRI.13.1,7/25/2016,GL Alvar,MI-DRI,13,1,26,27.666667,312.5,130.2083333,6.09375,3.602430598,1-E14,MI-DRI_13,13,1
NAP-CE.7.1,6/24/2016,GL Alvar,NAP-CE,7,1,26,27.666667,273.4375,182.2916667,5.33203125,5.043402839,1-J5,NAP-CE_7,7,1
NAP-SCH.9.9,7/29/2016,GL Alvar,NAP-SCH,9,9,26,27.666667,221.3541667,156.25,4.316406251,4.322916719,9-I10,NAP-SCH_9,9,9
MB-CRN.10.2,7/28/2016,M Alvar,MB-CRN,10,2,26.333333,27.666667,208.3333333,156.25,4.114583281,4.322916719,2-B16,MB-CRN_10,10,2
CAR-PSR.12.8,7/22/2016,GL Alvar,CAR-PSR,12,8,26.666667,27.666667,364.5833333,104.1666667,7.291666757,2.88194448,8-L7,CAR-PSR_12,12,8
MAN-LCI.3.8,7/28/2016,GL Alvar,MAN-LCI,3,8,26.666667,27.666667,299.4791667,208.3333333,5.989583409,5.763888957,8-H3,MAN-LCI_3,3,8
NAP-CE.7.2,6/24/2016,GL Alvar,NAP-CE,7,2,26.666667,27.666667,156.25,221.3541667,3.125000039,6.124132019,2-J15,NAP-CE_7,7,2
SD-MUD.23.6,7/10/2016,Prairie,SD-MUD,23,6,26.666667,27.666667,260.4166667,169.2708333,5.208333399,4.683159778,6-J4,SD-MUD_23,23,6
NAP-SCH.17.1,7/29/2016,GL Alvar,NAP-SCH,17,1,27.333333,27.666667,260.4166667,143.2291667,5.338541602,3.96267366,1-B16,NAP-SCH_17,17,1
SD-MUD.6.7,7/8/2016,Prairie,SD-MUD,6,7,27.333333,27.666667,312.5,117.1875,6.406249922,3.242187539,7-M3,SD-MUD_6,6,7
MAN-MIS.11.6,7/28/2016,GL Alvar,MAN-MIS,11,6,27.666667,27.666667,442.7083333,143.2291667,9.186198027,3.96267366,6-C7,MAN-MIS_11,11,6
MI-DRI.15.12,7/29/2016,GL Alvar,MI-DRI,15,12,27.666667,27.666667,234.375,182.2916667,4.863281309,5.043402839,12-K7,MI-DRI_15,15,12
NAP-CE.33.3,6/27/2016,GL Alvar,NAP-CE,33,3,27.666667,27.666667,208.3333333,143.2291667,4.322916718,3.96267366,3-J13,NAP-CE_33,33,3
MAN-FOX.3.4,7/27/2016,GL Alvar,MAN-FOX,3,4,28,27.666667,273.4375,221.3541667,5.7421875,6.124132019,4-J6,MAN-FOX_3,3,4
ND-BSP.25.8,7/1/2016,Prairie,ND-BSP,25,8,28,27.666667,260.4166667,143.2291667,5.468750001,3.96267366,8-J13,ND-BSP_25,25,8
NAP-SCH.9.8,7/29/2016,GL Alvar,NAP-SCH,9,8,28.333333,27.666667,221.3541667,117.1875,4.703775987,3.242187539,8-N14,NAP-SCH_9,9,8
MAN-LCI.9.7,7/28/2016,GL Alvar,MAN-LCI,9,7,28.666667,27.666667,260.4166667,156.25,5.598958399,4.322916719,7-K8,MAN-LCI_9,9,7
MI-DRI.25.3,7/29/2016,GL Alvar,MI-DRI,25,3,28.666667,27.666667,208.3333333,143.2291667,4.479166718,3.96267366,3-I4,MI-DRI_25,25,3
NAP-CE.23.4,7/29/2016,GL Alvar,NAP-CE,23,4,29,27.666667,208.3333333,195.3125,4.531249999,5.403645898,4-N13,NAP-CE_23,23,4
SD-MUD.10.4,7/30/2016,Prairie,SD-MUD,10,4,29,27.666667,247.3958333,117.1875,5.380859374,3.242187539,4-J16,SD-MUD_10,10,4
SD-MUD.23.12,7/10/2016,Prairie,SD-MUD,23,12,29,27.666667,260.4166667,117.1875,5.664062501,3.242187539,12-G11,SD-MUD_23,23,12
MAN-LCI.9.4,7/28/2016,GL Alvar,MAN-LCI,9,4,29.666667,27.666667,182.2916667,130.2083333,4.05598963,3.602430598,4-D14,MAN-LCI_9,9,4
MAN-MIS.32.1,7/28/2016,GL Alvar,MAN-MIS,32,1,29.666667,27.666667,195.3125,156.25,4.345703174,4.322916719,1-C6,MAN-MIS_32,32,1
MI-DRI.15.5,7/29/2016,GL Alvar,MI-DRI,15,5,31,27.666667,312.5,143.2291667,7.265625,3.96267366,5-K8,MI-DRI_15,15,5
ND-BSP.25.1,7/1/2016,Prairie,ND-BSP,25,1,31.333333,27.666667,117.1875,156.25,2.753906221,4.322916719,1-L6,ND-BSP_25,25,1
AB-LL.12.9,7/16/2016,Prairie,AB-LL,12,9,32,27.666667,104.1666667,65.10416667,2.500000001,1.8012153,9-M6,AB-LL_12,12,9
MAN-MIS.32.6,7/28/2016,GL Alvar,MAN-MIS,32,6,NA,27.666667,NA,195.3125,NA,5.403645898,6-L4,MAN-MIS_32,32,6
SD-MUD.23.4,7/10/2016,Prairie,SD-MUD,23,4,NA,27.666667,NA,91.14583333,NA,2.521701419,4-I3,SD-MUD_23,23,4
AB-LL.13.4,7/18/2016,Prairie,AB-LL,13,4,25,28,234.375,117.1875,4.39453125,3.28125,4-L11,AB-LL_13,13,4
MAN-MIS.30.9,7/28/2016,GL Alvar,MAN-MIS,30,9,25,28,143.2291667,156.25,2.685546876,4.375,9-B4,MAN-MIS_30,30,9
SD-MUD.23.2,7/10/2016,Prairie,SD-MUD,23,2,25,28,221.3541667,143.2291667,4.150390626,4.010416668,2-K3,SD-MUD_23,23,2
MAN-FOX.17.4,7/27/2016,GL Alvar,MAN-FOX,17,4,25.333333,28,286.4583333,169.2708333,5.442708261,4.739583332,4-C5,MAN-FOX_17,17,4
MN-PMG.9,7/10/2016,Prairie,MN-PMG,9,NA,25.333333,28,325.5208333,247.3958333,6.184895751,6.927083332,9-N13,MN-PMG_NA,NA,9
CAR-PSR.7.2,7/27/2016,GL Alvar,CAR-PSR,7,2,25.666667,28,325.5208333,221.3541667,6.266276122,6.197916668,2-J5,CAR-PSR_7,7,2
MI-DRI.24.2,7/29/2016,GL Alvar,MI-DRI,24,2,26,28,143.2291667,169.2708333,2.792968751,4.739583332,2-K6,MI-DRI_24,24,2
MI-DRI.24.8,7/29/2016,GL Alvar,MI-DRI,24,8,26,28,286.4583333,104.1666667,5.585937499,2.916666668,8-E5,MI-DRI_24,24,8
WNY-CB.10.4,7/5/2016,GL Alvar,WNY-CB,10,4,26,28,273.4375,195.3125,5.33203125,5.46875,4-K11,WNY-CB_10,10,4
MB-MR.38.8,7/6/2016,M Alvar,MB-MR,38,8,26.333333,28,234.375,117.1875,4.628906191,3.28125,8-B15,MB-MR_38,38,8
AB-LL.22.6,7/18/2016,Prairie,AB-LL,22,6,26.666667,28,169.2708333,130.2083333,3.385416708,3.645833332,6-F6,AB-LL_22,22,6
SD-MUD.15.6,7/30/2016,Prairie,SD-MUD,15,6,26.666667,28,351.5625,208.3333333,7.031250088,5.833333332,6-B6,SD-MUD_15,15,6
MAN-MIS.20.7,7/28/2016,GL Alvar,MAN-MIS,20,7,27,28,299.4791667,221.3541667,6.064453126,6.197916668,7-I10,MAN-MIS_20,20,7
NAP-SCH.23.5,7/29/2016,GL Alvar,NAP-SCH,23,5,27.666667,28,325.5208333,208.3333333,6.754557372,5.833333332,5-M14,NAP-SCH_23,23,5
AB-LL.13.5,7/18/2016,Prairie,AB-LL,13,5,28.333333,28,208.3333333,143.2291667,4.427083281,4.010416668,5-B15,AB-LL_13,13,5
CAR-PSR.7.4,7/27/2016,GL Alvar,CAR-PSR,7,4,28.666667,28,273.4375,221.3541667,5.878906318,6.197916668,4-E4,CAR-PSR_7,7,4
SD-MUD.15.3,7/30/2016,Prairie,SD-MUD,15,3,28.666667,28,286.4583333,143.2291667,6.158854238,4.010416668,3-C6,SD-MUD_15,15,3
MB-CRN.2.3,7/6/2016,M Alvar,MB-CRN,2,3,29,28,182.2916667,156.25,3.964843751,4.375,3-B2,MB-CRN_2,2,3
MI-DRI.15.3,7/29/2016,GL Alvar,MI-DRI,15,3,29,28,221.3541667,169.2708333,4.814453126,4.739583332,3-J3,MI-DRI_15,15,3
NAP-CE.29.10,7/29/2016,GL Alvar,NAP-CE,29,10,29,28,260.4166667,130.2083333,5.664062501,3.645833332,10-N15,NAP-CE_29,29,10
WA-BLK.8,7/12/2016,Prairie,WA-BLK,8,NA,29,28,143.2291667,78.125,3.115234376,2.1875,8-N11,WA-BLK_NA,NA,8
MAN-LCI.12.4,7/27/2016,GL Alvar,MAN-LCI,12,4,30,28,208.3333333,182.2916667,4.687499999,5.104166668,4-B13,MAN-LCI_12,12,4
MI-DRI.5.1,6/28/2016,GL Alvar,MI-DRI,5,1,30,28,182.2916667,78.125,4.101562501,2.1875,1-K6,MI-DRI_5,5,1
WNY-CB.28.2,7/30/2016,GL Alvar,WNY-CB,28,2,30,28,195.3125,169.2708333,4.39453125,4.739583332,2-N12,WNY-CB_28,28,2
MAN-FOX.2.3,7/27/2016,GL Alvar,MAN-FOX,2,3,30.333333,28,195.3125,91.14583333,4.443359326,2.552083333,3-K2,MAN-FOX_2,2,3
MB-CRN.27.8,7/28/2016,M Alvar,MB-CRN,27,8,NA,28,195.3125,104.1666667,NA,2.916666668,8-G4,MB-CRN_27,27,8
MI-DRI.5.2,6/24/2016,GL Alvar,MI-DRI,5,2,NA,28,NA,91.14583333,NA,2.552083333,2-F14,MI-DRI_5,5,2
ND-BSP.22.7,7/30/2016,Prairie,ND-BSP,22,7,NA,28,273.4375,143.2291667,NA,4.010416668,7-B14,ND-BSP_22,22,7
MAN-KIP.15.6,7/27/2016,GL Alvar,MAN-KIP,15,6,26.666667,28.333333,247.3958333,182.2916667,4.947916728,5.164930496,6-L8,MAN-KIP_15,15,6
MAN-LCI.3.7,7/28/2016,GL Alvar,MAN-LCI,3,7,26.666667,28.333333,260.4166667,221.3541667,5.208333399,6.271701316,7-D13,MAN-LCI_3,3,7
MAN-MIS.23.3,7/28/2016,GL Alvar,MAN-MIS,23,3,26.666667,28.333333,338.5416667,130.2083333,6.770833419,3.689236067,3-I7,MAN-MIS_23,23,3
MAN-MIS.27.5,7/28/2016,GL Alvar,MAN-MIS,27,5,27,28.333333,390.625,195.3125,7.91015625,5.533854102,5-C6,MAN-MIS_27,27,5
NAP-CE.29.8,7/30/2016,GL Alvar,NAP-CE,29,8,27.333333,28.333333,208.3333333,169.2708333,4.270833281,4.796006887,8-M4,NAP-CE_29,29,8
MB-CRN.10.1,7/28/2016,M Alvar,MB-CRN,10,1,27.666667,28.333333,221.3541667,143.2291667,4.593099014,4.058159675,1-K10,MB-CRN_10,10,1
ND-BSP.29.11,6/28/2016,Prairie,ND-BSP,29,11,28,28.333333,182.2916667,182.2916667,3.828125001,5.164930496,11-C2,ND-BSP_29,29,11
ND-BSP.33.7,7/30/2016,Prairie,ND-BSP,33,7,28,28.333333,117.1875,208.3333333,2.4609375,5.902777707,7-L4,ND-BSP_33,33,7
MI-DRI.25.7,7/29/2016,GL Alvar,MI-DRI,25,7,28.333333,28.333333,195.3125,143.2291667,4.150390576,4.058159675,7-H11,MI-DRI_25,25,7
NAP-CE.23.10,7/30/2016,GL Alvar,NAP-CE,23,10,28.333333,28.333333,286.4583333,156.25,6.087239511,4.427083281,10-A10,NAP-CE_23,23,10
MB-CRN.21.3,7/28/2016,M Alvar,MB-CRN,21,3,28.666667,28.333333,182.2916667,130.2083333,3.91927088,3.689236067,3-C11,MB-CRN_21,21,3
SD-MUD.23.5,7/10/2016,Prairie,SD-MUD,23,5,28.666667,28.333333,117.1875,130.2083333,2.519531279,3.689236067,5-C12,SD-MUD_23,23,5
ND-BSP.22.2,7/30/2016,Prairie,ND-BSP,22,2,29,28.333333,182.2916667,182.2916667,3.964843751,5.164930496,2-H7,ND-BSP_22,22,2
ND-BSP.22.4,7/30/2016,Prairie,ND-BSP,22,4,29.333333,28.333333,208.3333333,143.2291667,4.583333281,4.058159675,4-N14,ND-BSP_22,22,4
SD-MUD.6.8,7/8/2016,Prairie,SD-MUD,6,8,29.333333,28.333333,273.4375,169.2708333,6.015624932,4.796006887,8-I13,SD-MUD_6,6,8
AB-LL.12.7,7/16/2016,Prairie,AB-LL,12,7,29.666667,28.333333,91.14583333,143.2291667,2.027994814,4.058159675,7-J2,AB-LL_12,12,7
AB-LL.22.5,7/18/2016,Prairie,AB-LL,22,5,31,28.333333,130.2083333,169.2708333,3.027343749,4.796006887,5-K13,AB-LL_22,22,5
NAP-CE.23.6,7/30/2016,GL Alvar,NAP-CE,23,6,32,28.333333,234.375,221.3541667,5.625,6.271701316,6-N3,NAP-CE_23,23,6
MI-DRI.2.3,7/29/2016,GL Alvar,MI-DRI,2,3,32.333333,28.333333,208.3333333,156.25,5.05208328,4.427083281,3-F2,MI-DRI_2,2,3
MB-MR.21.9,7/6/2016,M Alvar,MB-MR,21,9,23.666667,28.666667,273.4375,143.2291667,4.853515693,4.105902826,9-K13,MB-MR_21,21,9
CAR-NBA.10.1,7/19/2016,GL Alvar,CAR-NBA,10,1,24,28.666667,442.7083333,156.25,7.968749999,4.479166719,1-D5,CAR-NBA_10,10,1
SD-MUD.1.6,7/30/2016,Prairie,SD-MUD,1,6,24.666667,28.666667,208.3333333,169.2708333,3.854166718,4.852430611,6-E3,SD-MUD_1,1,6
MAN-LCI.15.5,7/25/2016,GL Alvar,MAN-LCI,15,5,25.333333,28.666667,260.4166667,130.2083333,4.947916602,3.732638931,5-F15,MAN-LCI_15,15,5
MB-MR.19.4,7/28/2016,M Alvar,MB-MR,19,4,27,28.666667,299.4791667,195.3125,6.064453126,5.598958398,4-B14,MB-MR_19,19,4
NAP-SCH.23.1,7/29/2016,GL Alvar,NAP-SCH,23,1,27,28.666667,208.3333333,156.25,4.218749999,4.479166719,1-A14,NAP-SCH_23,23,1
ND-BSP.25.10,7/1/2016,Prairie,ND-BSP,25,10,27.333333,28.666667,260.4166667,104.1666667,5.338541602,2.986111147,10-K6,ND-BSP_25,25,10
MAN-FOX.2.5,7/27/2016,GL Alvar,MAN-FOX,2,5,27.666667,28.666667,299.4791667,169.2708333,6.214192784,4.852430611,5-G8,MAN-FOX_2,2,5
MB-CRN.27.3,7/28/2016,M Alvar,MB-CRN,27,3,28,28.666667,208.3333333,195.3125,4.374999999,5.598958398,3-N15,MB-CRN_27,27,3
NAP-CE.23.3,7/29/2016,GL Alvar,NAP-CE,23,3,28,28.666667,286.4583333,169.2708333,6.015624999,4.852430611,3-E13,NAP-CE_23,23,3
AB-LL.10.7,7/16/2016,Prairie,AB-LL,10,7,28.333333,28.666667,156.25,130.2083333,3.320312461,3.732638931,7-J15,AB-LL_10,10,7
MN-PMG.21,7/10/2016,Prairie,MN-PMG,21,NA,28.333333,28.666667,143.2291667,91.14583333,3.043619757,2.612847253,9-K7,MN-PMG_NA,NA,9
MAN-MIS.32.5,7/28/2016,GL Alvar,MAN-MIS,32,5,29,28.666667,234.375,156.25,5.09765625,4.479166719,5-G12,MAN-MIS_32,32,5
WNY-CB.18.8,7/30/2016,GL Alvar,WNY-CB,18,8,29,28.666667,208.3333333,156.25,4.531249999,4.479166719,8-E8,WNY-CB_18,18,8
MAN-MIS.11.4,7/28/2016,GL Alvar,MAN-MIS,11,4,29.666667,28.666667,195.3125,156.25,4.345703174,4.479166719,4-M5,MAN-MIS_11,11,4
NAP-CE.29.3,7/29/2016,GL Alvar,NAP-CE,29,3,29.666667,28.666667,221.3541667,117.1875,4.925130264,3.359375039,3-N4,NAP-CE_29,29,3
ND-BSP.25.5,7/1/2016,Prairie,ND-BSP,25,5,29.666667,28.666667,182.2916667,117.1875,4.05598963,3.359375039,5-B11,ND-BSP_25,25,5
ND-BSP.33.10,7/30/2016,Prairie,ND-BSP,33,10,30,28.666667,221.3541667,156.25,4.980468751,4.479166719,10-N12,ND-BSP_33,33,10
SD-MUD.1.3,7/30/2016,Prairie,SD-MUD,1,3,30,28.666667,156.25,156.25,3.515625,4.479166719,3-I11,SD-MUD_1,1,3
MAN-MIS.23.2,7/28/2016,GL Alvar,MAN-MIS,23,2,NA,28.666667,NA,130.2083333,NA,3.732638931,2-F2,MAN-MIS_23,23,2
MAN-MIS.23.6,7/28/2016,GL Alvar,MAN-MIS,23,6,NA,28.666667,NA,117.1875,NA,3.359375039,6-K10,MAN-MIS_23,23,6
NAP-CE.33.1,6/27/2016,GL Alvar,NAP-CE,33,1,NA,28.666667,NA,104.1666667,NA,2.986111147,1-M8,NAP-CE_33,33,1
SD-MUD.19.4,7/30/2016,Prairie,SD-MUD,19,4,NA,28.666667,NA,104.1666667,NA,2.986111147,4-G16,SD-MUD_19,19,4
SD-PMG.6,7/10/2016,Prairie,SD-PMG,6,NA,NA,28.666667,NA,91.14583333,NA,2.612847253,6-L6,SD-PMG_NA,NA,6
NAP-SCH.17.3,7/29/2016,GL Alvar,NAP-SCH,17,3,24.666667,29,273.4375,143.2291667,5.058593818,4.153645834,3-B15,NAP-SCH_17,17,3
ND-BSP.33.3,7/30/2016,Prairie,ND-BSP,33,3,24.666667,29,286.4583333,169.2708333,5.299479238,4.908854166,3-K13,ND-BSP_33,33,3
MB-MR.2.8,7/29/2016,M Alvar,MB-MR,2,8,25,29,364.5833333,234.375,6.835937499,6.796875,8-N15,MB-MR_2,2,8
MI-DRI.5.8,6/28/2016,GL Alvar,MI-DRI,5,8,27,29,247.3958333,117.1875,5.009765624,3.3984375,8-M6,MI-DRI_5,5,8
MAN-MIS.27.8,7/28/2016,GL Alvar,MAN-MIS,27,8,27.333333,29,325.5208333,182.2916667,6.673177001,5.286458334,8-G11,MAN-MIS_27,27,8
NAP-CE.19.1,7/29/2016,GL Alvar,NAP-CE,19,1,27.333333,29,208.3333333,117.1875,4.270833281,3.3984375,1-C10,NAP-CE_19,19,1
SD-MUD.6.5,7/8/2016,Prairie,SD-MUD,6,5,27.333333,29,143.2291667,104.1666667,2.936197882,3.020833334,5-G16,SD-MUD_6,6,5
MAN-MIS.11.1,7/28/2016,GL Alvar,MAN-MIS,11,1,27.666667,29,195.3125,130.2083333,4.052734424,3.776041666,1-F15,MAN-MIS_11,11,1
AB-LL.13.6,7/18/2016,Prairie,AB-LL,13,6,28,29,273.4375,65.10416667,5.7421875,1.888020833,6-C13,AB-LL_13,13,6
MB-MR.2.5,7/29/2016,M Alvar,MB-MR,2,5,28,29,273.4375,156.25,5.7421875,4.53125,5-J14,MB-MR_2,2,5
NAP-CE.29.5,7/30/2016,GL Alvar,NAP-CE,29,5,28,29,182.2916667,156.25,3.828125001,4.53125,5-A11,NAP-CE_29,29,5
SD-MUD.6.9,7/8/2016,Prairie,SD-MUD,6,9,28,29,260.4166667,117.1875,5.468750001,3.3984375,9-N5,SD-MUD_6,6,9
WNY-CB.16.6,7/30/2016,GL Alvar,WNY-CB,16,6,28,29,234.375,143.2291667,4.921875,4.153645834,6-E11,WNY-CB_16,16,6
MN-PMG.23,7/10/2016,Prairie,MN-PMG,23,NA,28.666667,29,195.3125,143.2291667,4.199218799,4.153645834,11-N6,MN-PMG_NA,NA,11
SD-MUD.19.5,7/30/2016,Prairie,SD-MUD,19,5,29,29,208.3333333,130.2083333,4.531249999,3.776041666,5-L8,SD-MUD_19,19,5
MAN-LCI.12.1,7/27/2016,GL Alvar,MAN-LCI,12,1,29.333333,29,182.2916667,117.1875,4.010416622,3.3984375,1-E8,MAN-LCI_12,12,1
MAN-MIS.20.1,7/28/2016,GL Alvar,MAN-MIS,20,1,29.333333,29,234.375,195.3125,5.156249941,5.6640625,1-D10,MAN-MIS_20,20,1
ND-BSP.22.1,7/30/2016,Prairie,ND-BSP,22,1,29.333333,29,195.3125,104.1666667,4.296874951,3.020833334,1-F16,ND-BSP_22,22,1
WNY-CB.16.5,7/30/2016,GL Alvar,WNY-CB,16,5,30,29,208.3333333,182.2916667,4.687499999,5.286458334,5-A8,WNY-CB_16,16,5
AB-LL.10.4,7/16/2016,Prairie,AB-LL,10,4,30.666667,29,143.2291667,143.2291667,3.29427087,4.153645834,4-L6,AB-LL_10,10,4
MI-DRI.15.1,7/29/2016,GL Alvar,MI-DRI,15,1,30.666667,29,169.2708333,143.2291667,3.893229208,4.153645834,1-J15,MI-DRI_15,15,1
MAN-LCI.9.9,7/28/2016,GL Alvar,MAN-LCI,9,9,31.666667,29,247.3958333,117.1875,5.875651103,3.3984375,9-H6,MAN-LCI_9,9,9
CAR-NBA.12.5,7/20/2016,GL Alvar,CAR-NBA,12,5,NA,29,NA,169.2708333,NA,4.908854166,5-M8,CAR-NBA_12,12,5
SD-PMG.1,7/10/2016,Prairie,SD-PMG,1,NA,NA,29,NA,182.2916667,NA,5.286458334,1-N7,SD-PMG_NA,NA,1
SD-MUD.6.12,7/8/2016,Prairie,SD-MUD,6,12,26.333333,29.333333,169.2708333,78.125,3.343098915,2.291666641,12-G2,SD-MUD_6,6,12
MAN-LCI.11.5,7/27/2016,GL Alvar,MAN-LCI,11,5,26.666667,29.333333,208.3333333,104.1666667,4.166666718,3.055555522,5-H5,MAN-LCI_11,11,5
WA-BLK.7,7/12/2016,Prairie,WA-BLK,7,NA,27,29.333333,156.25,91.14583333,3.1640625,2.673611081,7-I11,WA-BLK_NA,NA,7
MB-CRN.17.6,7/28/2016,M Alvar,MB-CRN,17,6,27.333333,29.333333,247.3958333,156.25,5.071614521,4.583333281,6-B10,MB-CRN_17,17,6
MI-DRI.25.1,7/29/2016,GL Alvar,MI-DRI,25,1,29,29.333333,156.25,143.2291667,3.3984375,4.201388842,1-M5,MI-DRI_25,25,1
NAP-CE.24.2,7/29/2016,GL Alvar,NAP-CE,24,2,29,29.333333,234.375,182.2916667,5.09765625,5.347222162,2-L12,NAP-CE_24,24,2
MB-CRN.29.5,7/6/2016,M Alvar,MB-CRN,29,5,29.666667,29.333333,143.2291667,156.25,3.186848995,4.583333281,5-M16,MB-CRN_29,29,5
MI-DRI.24.3,7/29/2016,GL Alvar,MI-DRI,24,3,30.333333,29.333333,208.3333333,169.2708333,4.73958328,4.96527772,3-M11,MI-DRI_24,24,3
MI-DRI.24.4,7/29/2016,GL Alvar,MI-DRI,24,4,30.333333,29.333333,260.4166667,182.2916667,5.924479102,5.347222162,4-E6,MI-DRI_24,24,4
SD-MUD.6.3,7/8/2016,Prairie,SD-MUD,6,3,30.333333,29.333333,169.2708333,91.14583333,3.850911415,2.673611081,3-L10,SD-MUD_6,6,3
ND-BSP.33.1,7/30/2016,Prairie,ND-BSP,33,1,31,29.333333,182.2916667,130.2083333,4.238281251,3.8194444,1-B10,ND-BSP_33,33,1
SD-MUD.10.3,7/30/2016,Prairie,SD-MUD,10,3,31,29.333333,182.2916667,156.25,4.238281251,4.583333281,3-L8,SD-MUD_10,10,3
SD-PMG.18,7/10/2016,Prairie,SD-PMG,18,NA,NA,29.333333,NA,117.1875,NA,3.437499961,6-A10,SD-PMG_NA,NA,6
MAN-LCI.11.3,7/27/2016,GL Alvar,MAN-LCI,11,3,26.666667,29.666667,403.6458333,195.3125,8.072916767,5.794270898,3-D11,MAN-LCI_11,11,3
MAN-FOX.18.7,7/27/2016,GL Alvar,MAN-FOX,18,7,27.333333,29.666667,182.2916667,104.1666667,3.736979122,3.090277813,7-G15,MAN-FOX_18,18,7
MB-CRN.2.1,7/6/2016,M Alvar,MB-CRN,2,1,27.333333,29.666667,325.5208333,234.375,6.673177001,6.953125078,1-A2,MB-CRN_2,2,1
MAN-KIP.28.5,7/27/2016,GL Alvar,MAN-KIP,28,5,27.666667,29.666667,325.5208333,143.2291667,6.754557372,4.249131993,5-I4,MAN-KIP_28,28,5
MAN-MIS.27.1,7/28/2016,GL Alvar,MAN-MIS,27,1,28,29.666667,234.375,169.2708333,4.921875,5.021701444,1-C4,MAN-MIS_27,27,1
AB-LL.10.8,7/16/2016,Prairie,AB-LL,10,8,29,29.666667,130.2083333,104.1666667,2.832031249,3.090277813,8-F15,AB-LL_10,10,8
AB-LL.12.4,7/16/2016,Prairie,AB-LL,12,4,29.333333,29.666667,143.2291667,143.2291667,3.151041632,4.249131993,4-E11,AB-LL_12,12,4
MI-DRI.13.7,7/26/2016,GL Alvar,MI-DRI,13,7,29.333333,29.666667,208.3333333,104.1666667,4.583333281,3.090277813,7-E6,MI-DRI_13,13,7
AB-LL.10.9,7/16/2016,Prairie,AB-LL,10,9,30.333333,29.666667,182.2916667,130.2083333,4.147135372,3.862847265,9-E14,AB-LL_10,10,9
MI-DRI.2.1,7/29/2016,GL Alvar,MI-DRI,2,1,31,29.666667,195.3125,117.1875,4.541015625,3.476562539,1-C15,MI-DRI_2,2,1
AB-LL.13.3,7/18/2016,Prairie,AB-LL,13,3,24,30,221.3541667,117.1875,3.984375001,3.515625,3-M5,AB-LL_13,13,3
NAP-CE.23.9,7/30/2016,GL Alvar,NAP-CE,23,9,26,30,208.3333333,104.1666667,4.062499999,3.125000001,9-G8,NAP-CE_23,23,9
AB-LL.22.4,7/18/2016,Prairie,AB-LL,22,4,26.666667,30,195.3125,78.125,3.906250049,2.34375,4-M14,AB-LL_22,22,4
MAN-MIS.23.4,7/28/2016,GL Alvar,MAN-MIS,23,4,27.666667,30,221.3541667,182.2916667,4.593099014,5.468750001,4-M10,MAN-MIS_23,23,4
MB-MR.2.3,7/29/2016,M Alvar,MB-MR,2,3,28,30,286.4583333,195.3125,6.015624999,5.859375,3-N5,MB-MR_2,2,3
MI-DRI.2.4,7/29/2016,GL Alvar,MI-DRI,2,4,28.666667,30,182.2916667,156.25,3.91927088,4.6875,4-D16,MI-DRI_2,2,4
NAP-SCH.20.2,7/29/2016,GL Alvar,NAP-SCH,20,2,29,30,182.2916667,91.14583333,3.964843751,2.734375,2-A16,NAP-SCH_20,20,2
NAP-CE.33.6,6/27/2016,GL Alvar,NAP-CE,33,6,29.333333,30,156.25,156.25,3.437499961,4.6875,6-M14,NAP-CE_33,33,6
SD-MUD.15.5,7/30/2016,Prairie,SD-MUD,15,5,29.333333,30,364.5833333,247.3958333,8.020833241,7.421874999,5-A2,SD-MUD_15,15,5
SD-MUD.23.7,7/10/2016,Prairie,SD-MUD,23,7,29.333333,30,247.3958333,104.1666667,5.442708271,3.125000001,7-E8,SD-MUD_23,23,7
WA-BLK.17,7/12/2016,Prairie,WA-BLK,17,NA,29.666667,30,117.1875,52.08333333,2.607421904,1.5625,5-N5,WA-BLK_NA,NA,5
MAN-FOX.2.2,7/27/2016,GL Alvar,MAN-FOX,2,2,31,30,208.3333333,143.2291667,4.843749999,4.296875001,2-C10,MAN-FOX_2,2,2
SD-MUD.19.3,7/30/2016,Prairie,SD-MUD,19,3,31.333333,30,195.3125,117.1875,4.589843701,3.515625,3-A16,SD-MUD_19,19,3
WA-BLK.22,7/12/2016,Prairie,WA-BLK,22,NA,31.333333,30,130.2083333,104.1666667,3.0598958,3.125000001,10-N2,WA-BLK_NA,NA,10
WA-BLK.12,7/12/2016,Prairie,WA-BLK,12,NA,31.666667,30,130.2083333,117.1875,3.092447948,3.515625,12-I13,WA-BLK_NA,NA,12
MAN-LCI.15.3,7/25/2016,GL Alvar,MAN-LCI,15,3,27,30.333333,169.2708333,143.2291667,3.427734374,4.344618009,3-L13,MAN-LCI_15,15,3
MI-DRI.13.5,7/26/2016,GL Alvar,MI-DRI,13,5,27,30.333333,182.2916667,91.14583333,3.691406251,2.764756914,5-F2,MI-DRI_13,13,5
MAN-FOX.2.1,7/27/2016,GL Alvar,MAN-FOX,2,1,28.333333,30.333333,208.3333333,143.2291667,4.427083281,4.344618009,1-J6,MAN-FOX_2,2,1
MAN-MIS.23.5,7/28/2016,GL Alvar,MAN-MIS,23,5,28.666667,30.333333,299.4791667,130.2083333,6.438802159,3.949652733,5-K6,MAN-MIS_23,23,5
MAN-FOX.17.2,7/27/2016,GL Alvar,MAN-FOX,17,2,30,30.333333,273.4375,156.25,6.15234375,4.739583281,2-I2,MAN-FOX_17,17,2
AB-LL.40.6,7/27/2016,Prairie,AB-LL,40,6,NA,30.333333,NA,91.14583333,NA,2.764756914,6-H11,AB-LL_40,40,6
AB-LL.12.8,7/16/2016,Prairie,AB-LL,12,8,25.333333,30.666667,182.2916667,78.125,3.463541622,2.395833359,8-N5,AB-LL_12,12,8
SD-MUD.10.1,7/30/2016,Prairie,SD-MUD,10,1,27.333333,30.666667,247.3958333,182.2916667,5.071614521,5.59027784,1-D2,SD-MUD_10,10,1
MI-DRI.24.5,7/29/2016,GL Alvar,MI-DRI,24,5,30.666667,30.666667,182.2916667,143.2291667,4.19270838,4.39236116,5-L14,MI-DRI_24,24,5
ND-BSP.29.5,6/28/2016,Prairie,ND-BSP,29,5,30.666667,30.666667,182.2916667,117.1875,4.19270838,3.593750039,5-F5,ND-BSP_29,29,5
MI-DRI.13.4,7/26/2016,GL Alvar,MI-DRI,13,4,25,31,247.3958333,104.1666667,4.638671874,3.229166668,4-I5,MI-DRI_13,13,4
MI-DRI.15.9,7/29/2016,GL Alvar,MI-DRI,15,9,27.666667,31,195.3125,104.1666667,4.052734424,3.229166668,9-B14,MI-DRI_15,15,9
MI-DRI.15.7,7/29/2016,GL Alvar,MI-DRI,15,7,30,31,208.3333333,195.3125,4.687499999,6.0546875,7-M11,MI-DRI_15,15,7
SD-MUD.1.1,7/30/2016,Prairie,SD-MUD,1,1,30,31,234.375,221.3541667,5.2734375,6.861979168,1-N6,SD-MUD_1,1,1
WNY-CB.28.4,7/30/2016,GL Alvar,WNY-CB,28,4,30,31,195.3125,130.2083333,4.39453125,4.036458332,4-D8,WNY-CB_28,28,4
MN-PMG.12,7/10/2016,Prairie,MN-PMG,12,NA,27.333333,31.333333,221.3541667,104.1666667,4.537760362,3.263888855,12-D4,MN-PMG_NA,NA,12
WA-BLK.13,7/12/2016,Prairie,WA-BLK,13,NA,27.666667,31.333333,182.2916667,91.14583333,3.78255213,2.855902747,1-D6,WA-BLK_NA,NA,1
WA-BLK.21,7/12/2016,Prairie,WA-BLK,21,NA,29.333333,31.333333,182.2916667,104.1666667,4.010416622,3.263888855,9-A4,WA-BLK_NA,NA,9
MAN-MIS.11.5,7/28/2016,GL Alvar,MAN-MIS,11,5,29.666667,31.333333,312.5,156.25,6.953125078,4.895833281,5-C3,MAN-MIS_11,11,5
WA-BLK.11,7/12/2016,Prairie,WA-BLK,11,NA,33.666667,31.333333,65.10416667,78.125,1.643880225,2.447916641,11-F14,WA-BLK_NA,NA,11
SD-MUD.1.5,7/30/2016,Prairie,SD-MUD,1,5,NA,31.333333,NA,117.1875,NA,3.671874961,5-C13,SD-MUD_1,1,5
MAN-FOX.17.1,7/27/2016,GL Alvar,MAN-FOX,17,1,27.666667,31.666667,286.4583333,91.14583333,5.944010488,2.886284752,1-A10,MAN-FOX_17,17,1
MAN-MIS.23.1,7/28/2016,GL Alvar,MAN-MIS,23,1,29,31.666667,182.2916667,143.2291667,3.964843751,4.535590327,1-K3,MAN-MIS_23,23,1
SD-MUD.19.2,7/30/2016,Prairie,SD-MUD,19,2,29.333333,31.666667,338.5416667,130.2083333,7.447916583,4.123263931,2-K16,SD-MUD_19,19,2
MN-PMG.22,7/10/2016,Prairie,MN-PMG,22,NA,28.666667,32,182.2916667,91.14583333,3.91927088,2.916666667,10-M13,MN-PMG_NA,NA,10
SD-MUD.19.7,7/30/2016,Prairie,SD-MUD,19,7,25.666667,32.333333,234.375,169.2708333,4.511718809,5.47309022,7-C6,SD-MUD_19,19,7
MB-MR.25.3,7/29/2016,M Alvar,MB-MR,25,3,31.666667,32.333333,221.3541667,130.2083333,5.257161514,4.2100694,3-G13,MB-MR_25,25,3
WNY-CB.16.1,7/30/2016,GL Alvar,WNY-CB,16,1,32.333333,32.333333,234.375,130.2083333,5.683593691,4.2100694,1-C7,WNY-CB_16,16,1
MI-DRI.25.2,7/29/2016,GL Alvar,MI-DRI,25,2,29.333333,32.666667,208.3333333,143.2291667,4.583333281,4.678819493,2-E12,MI-DRI_25,25,2
WA-BLK.18,7/12/2016,Prairie,WA-BLK,18,NA,29.666667,32.666667,104.1666667,78.125,2.31770836,2.552083359,6-D2,WA-BLK_NA,NA,6
AB-LL.22.8,7/18/2016,Prairie,AB-LL,22,8,28,33.333333,143.2291667,117.1875,3.007812501,3.906249961,8-G14,AB-LL_22,22,8
AB-LL.22.9,7/18/2016,Prairie,AB-LL,22,9,33,33.333333,117.1875,91.14583333,2.900390625,3.038194414,9-F2,AB-LL_22,22,9
WA-BLK.4,7/12/2016,Prairie,WA-BLK,4,NA,32.666667,34,195.3125,156.25,4.785156299,5.3125,4-E7,WA-BLK_NA,NA,4
MAN-FOX.17.3,7/27/2016,GL Alvar,MAN-FOX,17,3,19.666667,NA,195.3125,NA,2.880859424,NA,3-A13,MAN-FOX_17,17,3
MAN-FOX.3.6,7/27/2016,GL Alvar,MAN-FOX,3,6,22,NA,208.3333333,NA,3.437499999,NA,6-J12,MAN-FOX_3,3,6
MB-MR.21.10,7/6/2016,M Alvar,MB-MR,21,10,23,NA,312.5,NA,5.390625,NA,10-A11,MB-MR_21,21,10
MB-MR.21.7,7/6/2016,M Alvar,MB-MR,21,7,24,NA,338.5416667,NA,6.093750001,NA,7-G6,MB-MR_21,21,7
ND-BSP.29.2,6/28/2016,Prairie,ND-BSP,29,2,24,NA,286.4583333,NA,5.156249999,NA,2-F5,ND-BSP_29,29,2
MAN-KIP.24.4,7/27/2016,GL Alvar,MAN-KIP,24,4,24.666667,NA,221.3541667,NA,4.095052139,NA,4-H6,MAN-KIP_24,24,4
MAN-KIP.15.8,7/27/2016,GL Alvar,MAN-KIP,15,8,25,NA,247.3958333,NA,4.638671874,NA,8-C13,MAN-KIP_15,15,8
MAN-KIP.37.6,7/27/2016,GL Alvar,MAN-KIP,37,6,25,NA,221.3541667,NA,4.150390626,NA,6-M12,MAN-KIP_37,37,6
NAP-SCH.17.7,7/29/2016,GL Alvar,NAP-SCH,17,7,25,NA,195.3125,NA,3.662109375,NA,7-M5,NAP-SCH_17,17,7
CAR-NBA.4.7,7/21/2016,GL Alvar,CAR-NBA,4,7,25.333333,NA,325.5208333,NA,6.184895751,NA,7-J8,CAR-NBA_4,4,7
MB-CRN.21.1,7/28/2016,M Alvar,MB-CRN,21,1,25.666667,NA,169.2708333,NA,3.258463583,NA,1-N4,MB-CRN_21,21,1
CAR-NBA.3.6,7/21/2016,GL Alvar,CAR-NBA,3,6,26,NA,247.3958333,NA,4.824218749,NA,6-M7,CAR-NBA_3,3,6
CAR-NBA.7.12,7/21/2016,GL Alvar,CAR-NBA,7,12,26,NA,299.4791667,NA,5.839843751,NA,12-G16,CAR-NBA_7,7,12
MAN-FOX.29.4,7/27/2016,GL Alvar,MAN-FOX,29,4,26.333333,NA,208.3333333,NA,4.114583281,NA,4-E13,MAN-FOX_29,29,4
MAN-KIP.37.2,7/27/2016,GL Alvar,MAN-KIP,37,2,26.333333,NA,351.5625,NA,6.943359287,NA,2-G5,MAN-KIP_37,37,2
MAN-LCI.15.1,7/25/2016,GL Alvar,MAN-LCI,15,1,26.333333,NA,130.2083333,NA,2.57161455,NA,1-H2,MAN-LCI_15,15,1
MB-CRN.2.6,7/6/2016,M Alvar,MB-CRN,2,6,26.333333,NA,195.3125,NA,3.857421826,NA,6-M2,MB-CRN_2,2,6
CAR-PSR.12.6,7/22/2016,GL Alvar,CAR-PSR,12,6,26.666667,NA,312.5,NA,6.250000078,NA,6-E13,CAR-PSR_12,12,6
CAR-PSR.20.6,7/27/2016,GL Alvar,CAR-PSR,20,6,26.666667,NA,234.375,NA,4.687500059,NA,6-I12,CAR-PSR_20,20,6
CAR-PSR.6.4,7/1/2016,GL Alvar,CAR-PSR,6,4,26.666667,NA,286.4583333,NA,5.729166738,NA,4-N15,CAR-PSR_6,6,4
CAR-NBA.21.9,7/20/2016,GL Alvar,CAR-NBA,21,9,27,NA,156.25,130.2083333,3.1640625,NA,9-H4,CAR-NBA_21,21,9
MAN-KIP.15.4,7/27/2016,GL Alvar,MAN-KIP,15,4,27,NA,338.5416667,NA,6.855468751,NA,4-A4,MAN-KIP_15,15,4
MI-DRI.5.12,6/28/2016,GL Alvar,MI-DRI,5,12,27,NA,247.3958333,NA,5.009765624,NA,12-C16,MI-DRI_5,5,12
NAP-SCH.17.5,7/29/2016,GL Alvar,NAP-SCH,17,5,27,NA,390.625,NA,7.91015625,NA,5-J11,NAP-SCH_17,17,5
ND-BSP.25.2,7/1/2016,Prairie,ND-BSP,25,2,27,NA,169.2708333,NA,3.427734374,NA,2-K13,ND-BSP_25,25,2
SD-MUD.23.11,7/10/2016,Prairie,SD-MUD,23,11,27,NA,234.375,NA,4.74609375,NA,11-C7,SD-MUD_23,23,11
CAR-NBA.12.7,7/20/2016,GL Alvar,CAR-NBA,12,7,27.333333,NA,195.3125,NA,4.003906201,NA,7-G2,CAR-NBA_12,12,7
CAR-PSR.7.1,7/27/2016,GL Alvar,CAR-PSR,7,1,27.333333,NA,247.3958333,104.1666667,5.071614521,NA,1-H16,CAR-PSR_7,7,1
MB-CRN.27.7,7/28/2016,M Alvar,MB-CRN,27,7,27.333333,NA,247.3958333,221.3541667,5.071614521,NA,7-H13,MB-CRN_27,27,7
SD-PMG.13,7/10/2016,Prairie,SD-PMG,13,NA,27.333333,NA,247.3958333,NA,5.071614521,NA,1-E2,SD-PMG_NA,NA,1
WNY-CB.2.4,7/5/2016,GL Alvar,WNY-CB,2,4,27.666667,NA,325.5208333,NA,6.754557372,NA,4-M12,WNY-CB_2,2,4
MAN-FOX.18.1,7/27/2016,GL Alvar,MAN-FOX,18,1,28,NA,104.1666667,NA,2.187500001,NA,1-E4,MAN-FOX_18,18,1
MAN-FOX.18.6,7/27/2016,GL Alvar,MAN-FOX,18,6,28,NA,286.4583333,169.2708333,6.015624999,NA,6-F10,MAN-FOX_18,18,6
MI-DRI.13.3,7/25/2016,GL Alvar,MI-DRI,13,3,28,NA,195.3125,NA,4.1015625,NA,3-H14,MI-DRI_13,13,3
SD-PMG.23,7/10/2016,Prairie,SD-PMG,23,NA,28,NA,143.2291667,NA,3.007812501,NA,11-G14,SD-PMG_NA,NA,11
MAN-KIP.15.5,7/27/2016,GL Alvar,MAN-KIP,15,5,28.333333,NA,247.3958333,NA,5.257161396,NA,5-L11,MAN-KIP_15,15,5
ND-BSP.25.9,7/1/2016,Prairie,ND-BSP,25,9,28.333333,NA,208.3333333,NA,4.427083281,NA,9-D6,ND-BSP_25,25,9
WNY-CB.2.11,7/5/2016,GL Alvar,WNY-CB,2,11,28.333333,NA,260.4166667,NA,5.533854102,NA,11-M14,WNY-CB_2,2,11
WNY-CB.28.5,7/30/2016,GL Alvar,WNY-CB,28,5,28.333333,NA,299.4791667,NA,6.363932218,NA,5-C8,WNY-CB_28,28,5
MAN-FOX.17.6,7/27/2016,GL Alvar,MAN-FOX,17,6,28.666667,NA,390.625,NA,8.398437598,NA,6-A11,MAN-FOX_17,17,6
MAN-FOX.18.2,7/27/2016,GL Alvar,MAN-FOX,18,2,28.666667,NA,182.2916667,NA,3.91927088,NA,2-H6,MAN-FOX_18,18,2
MI-DRI.25.6,7/29/2016,GL Alvar,MI-DRI,25,6,28.666667,NA,182.2916667,NA,3.91927088,NA,6-K15,MI-DRI_25,25,6
MI-DRI.5.9,6/28/2016,GL Alvar,MI-DRI,5,9,28.666667,NA,169.2708333,NA,3.639322958,NA,9-C6,MI-DRI_5,5,9
MAN-KIP.16.2,7/27/2016,GL Alvar,MAN-KIP,16,2,29,NA,221.3541667,NA,4.814453126,NA,2-D16,MAN-KIP_16,16,2
MI-DRI.5.11,6/28/2016,GL Alvar,MI-DRI,5,11,29,NA,195.3125,NA,4.248046875,NA,11-B10,MI-DRI_5,5,11
CAR-PSR.7.3,7/27/2016,GL Alvar,CAR-PSR,7,3,29.333333,NA,208.3333333,NA,4.583333281,NA,3-G5,CAR-PSR_7,7,3
MB-MR.21.1,7/6/2016,M Alvar,MB-MR,21,1,29.333333,NA,130.2083333,NA,2.8645833,NA,1-D12,MB-MR_21,21,1
MB-MR.38.2,7/6/2016,M Alvar,MB-MR,38,2,29.333333,NA,260.4166667,NA,5.729166602,NA,2-C12,MB-MR_38,38,2
SD-MUD.15.7,7/30/2016,Prairie,SD-MUD,15,7,30.666667,NA,169.2708333,NA,3.893229208,NA,7-J13,SD-MUD_15,15,7
SD-MUD.1.2,7/30/2016,Prairie,SD-MUD,1,2,31.666667,NA,195.3125,143.2291667,4.638671924,NA,2-J16,SD-MUD_1,1,2
AB-LL.26.1,7/27/2016,Prairie,AB-LL,26,1,32.333333,NA,117.1875,NA,2.841796846,NA,1-H7,AB-LL_26,26,1
NAP-CE.29.2,7/30/2016,GL Alvar,NAP-CE,29,2,33,NA,221.3541667,NA,5.478515626,NA,2-A15,NAP-CE_29,29,2
CAR-PSR.7.6,7/27/2016,GL Alvar,CAR-PSR,7,6,33.666667,NA,234.375,NA,5.917968809,NA,6-D6,CAR-PSR_7,7,6
AB-LL.26.2,7/27/2016,Prairie,AB-LL,26,2,NA,NA,NA,NA,NA,NA,2-A5,AB-LL_26,26,2
AB-LL.26.3,7/27/2016,Prairie,AB-LL,26,3,NA,NA,NA,NA,NA,NA,3-I12,AB-LL_26,26,3
AB-LL.26.4,7/27/2016,Prairie,AB-LL,26,4,NA,NA,NA,NA,NA,NA,4-J5,AB-LL_26,26,4
AB-LL.26.6,7/27/2016,Prairie,AB-LL,26,6,NA,NA,NA,NA,NA,NA,6-I13,AB-LL_26,26,6
AB-LL.40.1,7/27/2016,Prairie,AB-LL,40,1,NA,NA,NA,NA,NA,NA,1-J2,AB-LL_40,40,1
AB-LL.40.2,7/27/2016,Prairie,AB-LL,40,2,NA,NA,NA,NA,NA,NA,2-N16,AB-LL_40,40,2
AB-LL.40.3,7/27/2016,Prairie,AB-LL,40,3,NA,NA,NA,NA,NA,NA,3-G7,AB-LL_40,40,3
AB-LL.40.4,7/27/2016,Prairie,AB-LL,40,4,NA,NA,NA,NA,NA,NA,4-G6,AB-LL_40,40,4
AB-LL.40.5,7/27/2016,Prairie,AB-LL,40,5,NA,NA,NA,NA,NA,NA,5-B10,AB-LL_40,40,5
CAR-NBA.21.2,7/20/2016,GL Alvar,CAR-NBA,21,2,NA,NA,NA,NA,NA,NA,2-C13,CAR-NBA_21,21,2
CAR-NBA.21.3,7/20/2016,GL Alvar,CAR-NBA,21,3,NA,NA,NA,NA,NA,NA,3-N8,CAR-NBA_21,21,3
CAR-NBA.21.5,7/20/2016,GL Alvar,CAR-NBA,21,5,NA,NA,NA,NA,NA,NA,5-G3,CAR-NBA_21,21,5
CAR-PSR.20.2,7/27/2016,GL Alvar,CAR-PSR,20,2,NA,NA,NA,NA,NA,NA,2-L11,CAR-PSR_20,20,2
CAR-PSR.20.3,7/27/2016,GL Alvar,CAR-PSR,20,3,NA,NA,NA,NA,NA,NA,3-J16,CAR-PSR_20,20,3
CAR-PSR.20.4,7/27/2016,GL Alvar,CAR-PSR,20,4,NA,NA,NA,NA,NA,NA,4-G15,CAR-PSR_20,20,4
CAR-PSR.20.5,7/27/2016,GL Alvar,CAR-PSR,20,5,NA,NA,NA,NA,NA,NA,5-G14,CAR-PSR_20,20,5
CAR-PSR.20.7,7/27/2016,GL Alvar,CAR-PSR,20,7,NA,NA,NA,NA,NA,NA,7-J14,CAR-PSR_20,20,7
CAR-PSR.23.1,7/27/2016,GL Alvar,CAR-PSR,23,1,NA,NA,NA,NA,NA,NA,1-B5,CAR-PSR_23,23,1
CAR-PSR.23.4,7/27/2016,GL Alvar,CAR-PSR,23,4,NA,NA,NA,NA,NA,NA,4-M11,CAR-PSR_23,23,4
CAR-PSR.23.5,7/27/2016,GL Alvar,CAR-PSR,23,5,NA,NA,NA,NA,NA,NA,5-D11,CAR-PSR_23,23,5
CAR-PSR.23.7,7/27/2016,GL Alvar,CAR-PSR,23,7,NA,NA,NA,NA,NA,NA,7-L2,CAR-PSR_23,23,7
MAN-FOX.2.6,7/26/2016,GL Alvar,MAN-FOX,2,6,NA,NA,NA,NA,NA,NA,6-H10,MAN-FOX_2,2,6
MAN-FOX.22.2,7/27/2016,GL Alvar,MAN-FOX,22,2,NA,NA,NA,NA,NA,NA,2-M5,MAN-FOX_22,22,2
MAN-FOX.22.3,7/27/2016,GL Alvar,MAN-FOX,22,3,NA,NA,NA,NA,NA,NA,3-J11,MAN-FOX_22,22,3
MAN-FOX.22.4,7/27/2016,GL Alvar,MAN-FOX,22,4,NA,NA,NA,NA,NA,NA,4-E5,MAN-FOX_22,22,4
MAN-FOX.22.6,7/27/2016,GL Alvar,MAN-FOX,22,6,NA,NA,NA,NA,NA,NA,6-A12,MAN-FOX_22,22,6
MAN-FOX.22.7,7/27/2016,GL Alvar,MAN-FOX,22,7,NA,NA,NA,NA,NA,NA,7-I3,MAN-FOX_22,22,7
MAN-FOX.22.8,7/27/2016,GL Alvar,MAN-FOX,22,8,NA,NA,NA,NA,NA,NA,8-M12,MAN-FOX_22,22,8
MAN-FOX.29.7,7/27/2016,GL Alvar,MAN-FOX,29,7,NA,NA,NA,NA,NA,NA,7-K4,MAN-FOX_29,29,7
MAN-KIP.11.4,7/27/2016,GL Alvar,MAN-KIP,11,4,NA,NA,NA,NA,NA,NA,4-L4,MAN-KIP_11,11,4
MAN-LCI.15.2,7/25/2016,GL Alvar,MAN-LCI,15,2,NA,NA,NA,NA,NA,NA,2-I4,MAN-LCI_15,15,2
MB-CRN.21.7,7/28/2016,M Alvar,MB-CRN,21,7,NA,NA,NA,NA,NA,NA,7-B2,MB-CRN_21,21,7
MB-MR.19.2,7/28/2016,M Alvar,MB-MR,19,2,NA,NA,NA,NA,NA,NA,2-D6,MB-MR_19,19,2
MI-DRI.13.10,7/25/2016,GL Alvar,MI-DRI,13,10,NA,NA,NA,NA,NA,NA,10-M5,MI-DRI_13,13,10
MI-DRI.2.7,7/29/2016,GL Alvar,MI-DRI,2,7,NA,NA,NA,NA,NA,NA,7-N15,MI-DRI_2,2,7
MI-DRI.5.6,6/28/2016,GL Alvar,MI-DRI,5,6,NA,NA,NA,NA,NA,NA,6-B7,MI-DRI_5,5,6
NAP-CE.19.7,7/29/2016,GL Alvar,NAP-CE,19,NA,NA,NA,NA,NA,NA,NA,7-I15,NAP-CE_19,19,7
NAP-CE.23.7,7/29/2016,GL Alvar,NAP-CE,23,7,NA,NA,NA,NA,NA,NA,7-B7,NAP-CE_23,23,7
NAP-CE.24.11,7/29/2016,GL Alvar,NAP-CE,24,11,NA,NA,NA,NA,NA,NA,11-J3,NAP-CE_24,24,11
NAP-SCH.11.8,8/1/2016,GL Alvar,NAP-SCH,11,8,NA,NA,NA,NA,NA,NA,8-I2,NAP-SCH_11,11,8
NAP-SCH.23.2,7/29/2016,GL Alvar,NAP-SCH,23,2,NA,NA,NA,NA,NA,NA,2-J12,NAP-SCH_23,23,2
ND-BSP.29.6,6/28/2016,Prairie,ND-BSP,29,6,NA,NA,NA,NA,NA,NA,6-K7,ND-BSP_29,29,6
ND-BSP.33.9,7/30/2016,Prairie,ND-BSP,33,9,NA,NA,NA,NA,NA,NA,9-K3,ND-BSP_33,33,9
WNY-CB.16.3,7/30/2016,GL Alvar,WNY-CB,16,3,NA,NA,NA,NA,NA,NA,3-E5,WNY-CB_16,16,3
WNY-CB.2.3,7/5/2016,GL Alvar,WNY-CB,2,3,NA,NA,NA,NA,NA,NA,3-H12,WNY-CB_2,2,3
WNY-CB.23.7,7/30/2016,GL Alvar,WNY-CB,23,7,NA,NA,NA,NA,NA,NA,7-B4,WNY-CB_23,23,7
